3,2,1.0,0
-2,-2,1.0,0
10,5,1.0,0
-10,-5,1.0,0
14,6,1.0,0
-14,-6,1.0,0
18,7,1.0,0
-18,-7,1.0,0
20,7,1.0,0
-20,-7,1.0,0
24,9,1.0,0
-24,-9,1.0,0
30,9,1.0,0
-30,-9,1.0,0
38,10,1.0,0
-38,-10,1.0,0
38,10,1.0,0
-38,-10,1.0,0
48,10,1.0,0
-48,-10,1.0,0
50,10,1.0,0
-50,-10,1.0,0
52,10,1.0,0
-52,-10,1.0,0
58,10,1.0,0
-58,-10,1.0,0
58,10,1.0,0
-58,-10,1.0,0
60,10,1.0,0
-60,-10,1.0,0
66,10,1.0,0
-66,-10,1.0,0
72,10,1.0,0
-72,-10,1.0,0
72,10,1.0,0
-72,-10,1.0,0
74,10,1.0,0
-74,-10,1.0,0
78,10,1.0,0
-78,-10,1.0,0
80,10,1.0,0
-80,-10,1.0,0
80,10,1.0,0
-80,-10,1.0,0
84,10,1.0,0
-84,-10,1.0,0
84,10,1.0,0
-84,-10,1.0,0
88,10,1.0,0
-88,-10,1.0,0
88,10,1.0,0
-88,-10,1.0,0
88,10,1.0,0
-88,-10,1.0,0
88,10,1.0,0
-88,-10,1.0,0
88,10,1.0,0
-88,-10,1.0,0
88,10,1.0,0
-88,-10,1.0,0
90,10,1.0,0
-90,-10,1.0,0
90,10,1.0,0
-90,-10,1.0,0
90,10,1.0,0
-90,-10,1.0,0
90,10,1.0,0
-90,-10,1.0,0
90,10,1.0,0
-90,-10,1.0,0
90,10,1.0,0
-90,-10,1.0,0
90,10,1.0,0
-90,-10,1.0,0
90,10,1.0,0
-90,-10,1.0,0
90,10,1.0,0
-90,-10,1.0,0
90,10,1.0,0
-90,-10,1.0,0
90,10,1.0,0
-90,-10,1.0,0
90,10,1.0,0
-90,-10,1.0,0
90,10,1.0,0
-90,-10,1.0,0
90,10,1.0,0
-90,-10,1.0,0
90,10,1.0,0
-90,-10,1.0,0
90,10,1.0,0
-90,-10,1.0,0
90,10,1.0,0
-90,-10,1.0,0
90,10,1.0,0
-90,-10,1.0,0
90,10,1.0,0
-90,-10,1.0,0
90,10,1.0,0
-90,-10,1.0,0
90,10,1.0,0
-90,-10,1.0,0
90,10,1.0,0
-90,-10,1.0,0
90,10,1.0,0
-90,-10,1.0,0
90,10,1.0,0
-90,-10,1.0,0
90,10,1.0,0
-90,-10,1.0,0
90,10,1.0,0
-90,-10,1.0,0
90,10,1.0,0
-90,-10,1.0,0
90,10,1.0,0
-90,-10,1.0,0
90,10,1.0,0
-90,-10,1.0,0
90,10,1.0,0
-90,-10,1.0,0
90,10,1.0,0
-90,-10,1.0,0
90,10,1.0,0
-90,-10,1.0,0
90,10,1.0,0
-90,-10,1.0,0
90,10,1.0,0
-90,-10,1.0,0
90,10,1.0,0
-90,-10,1.0,0
90,10,1.0,0
-90,-10,1.0,0
0,0,1.0,0
90,10,1.0,0
0,0,1.0,0
-90,-10,1.0,0
90,10,1.0,0
-90,-10,1.0,0
90,10,1.0,0
-90,-10,1.0,0
90,10,1.0,0
-90,-10,1.0,0
90,10,1.0,0
-90,-10,1.0,0
90,10,1.0,0
-90,-10,1.0,0
90,10,1.0,0
-90,-10,1.0,0
90,10,1.0,0
-90,-10,1.0,0
90,10,1.0,0
-90,-10,1.0,0
90,10,1.0,0
-90,-10,1.0,0
90,10,1.0,0
-90,-10,1.0,0
90,10,1.0,0
-90,-10,1.0,0
90,10,1.0,0
-90,-10,1.0,0
90,10,1.0,0
-90,-10,1.0,0
90,10,1.0,0
-90,-10,1.0,0
90,10,1.0,0
-90,-10,1.0,0
90,10,1.0,0
-90,-10,1.0,0
90,10,1.0,0
-90,-10,1.0,0
90,10,1.0,0
-90,-10,1.0,0
90,10,1.0,0
-90,-10,1.0,0
90,10,1.0,0
-90,-10,1.0,0
90,10,1.0,0
-90,-10,1.0,0
90,10,1.0,0
-90,-10,1.0,0
90,10,1.0,0
-90,-10,1.0,0
90,10,1.0,0
-90,-10,1.0,0
90,10,1.0,0
-90,-10,1.0,0
90,10,1.0,0
-90,-10,1.0,0
90,10,1.0,0
-90,-10,1.0,0
90,10,1.0,0
-90,-10,1.0,0
90,10,1.0,0
-90,-10,1.0,0
90,10,1.0,0
-90,-10,1.0,0
90,10,1.0,0
-90,-10,1.0,0
90,10,1.0,0
-90,-10,1.0,0
90,10,1.0,0
-90,-10,1.0,0
239,238,0.008403361344537815,1
-238,-238,1.0,1
536,536,0.0037313432835820895,1
-536,-536,1.0,1
833,833,0.0024009603841536613,1
-833,-833,1.0,1
1018,1018,0.0019646365422396855,1
-1018,-1018,1.0,1
1217,1217,0.0016433853738701725,1
-1217,-1217,1.0,1
1416,1416,0.0014124293785310734,1
-1416,-1416,1.0,1
1614,1614,0.0012391573729863693,1
-1614,-1614,1.0,1
1813,1813,0.0011031439602868175,1
-1813,-1813,1.0,1
2002,2002,0.000999000999000999,1
-2002,-2002,1.0,1
2107,2107,0.0009492168960607499,1
-2107,-2107,1.0,1
2256,2256,0.0008865248226950354,1
-2256,-2256,1.0,1
2406,2406,0.0008312551953449709,1
-2406,-2406,1.0,1
2555,2555,0.0007827788649706458,1
-2555,-2555,1.0,1
2704,2704,0.0007396449704142012,1
-2704,-2704,1.0,1
2854,2854,0.000700770847932726,1
-2854,-2854,1.0,1
3002,3002,0.0006662225183211193,1
-3002,-3002,1.0,1
3080,3080,0.0006493506493506494,1
-3080,-3080,1.0,1
3200,3200,0.000625,1
-3200,-3200,1.0,1
3319,3319,0.0006025911419102139,1
-3319,-3319,1.0,1
3439,3439,0.0005815644082582146,1
-3439,-3439,1.0,1
3559,3559,0.000561955605507165,1
-3559,-3559,1.0,1
3678,3678,0.000543773790103317,1
-3678,-3678,1.0,1
3798,3798,0.000526592943654555,1
-3798,-3798,1.0,1
3918,3918,0.0005104645227156713,1
-3918,-3918,1.0,1
4002,4002,0.0004997501249375312,1
-4002,-4002,1.0,1
4095,4095,0.0004884004884004884,1
-4095,-4095,1.0,1
4195,4195,0.0004767580452920143,1
-4195,-4195,1.0,1
4295,4295,0.00046565774155995343,1
-4295,-4295,1.0,1
4394,4394,0.0004551661356395084,1
-4394,-4394,1.0,1
4494,4494,0.0004450378282153983,1
-4494,-4494,1.0,1
4594,4594,0.00043535045711797995,1
-4594,-4594,1.0,1
4693,4693,0.0004261666311527807,1
-4693,-4693,1.0,1
4793,4793,0.00041727519298977677,1
-4793,-4793,1.0,1
4893,4893,0.0004087471898630697,1
-4893,-4893,1.0,1
4992,4992,0.00040064102564102563,1
-4992,-4992,1.0,1
5050,5050,0.00039603960396039607,1
-5050,-5050,1.0,1
5135,5135,0.00038948393378773126,1
-5135,-5135,1.0,1
5220,5220,0.0003831417624521073,1
-5220,-5220,1.0,1
5306,5306,0.0003769317753486619,1
-5306,-5306,1.0,1
5391,5391,0.0003709886848451122,1
-5391,-5391,1.0,1
5477,5477,0.0003651634106262553,1
-5477,-5477,1.0,1
5562,5562,0.0003595828838547285,1
-5562,-5562,1.0,1
5648,5648,0.0003541076487252125,1
-5648,-5648,1.0,1
5733,5733,0.00034885749171463456,1
-5733,-5733,1.0,1
5819,5819,0.00034370166695308474,1
-5819,-5819,1.0,1
5904,5904,0.00033875338753387534,1
-5904,-5904,1.0,1
5990,5990,0.000333889816360601,1
-5990,-5990,1.0,1
6041,6041,0.00033107101473266014,1
-6041,-6041,1.0,1
6116,6116,0.0003270111183780249,1
-6116,-6116,1.0,1
6190,6190,0.00032310177705977385,1
-6190,-6190,1.0,1
6265,6265,0.0003192338387869114,1
-6265,-6265,1.0,1
6340,6340,0.0003154574132492114,1
-6340,-6340,1.0,1
6415,6415,0.0003117692907248636,1
-6415,-6415,1.0,1
6489,6489,0.0003082139004469102,1
-6489,-6489,1.0,1
6564,6564,0.0003046922608165753,1
-6564,-6564,1.0,1
6639,6639,0.0003012501882813677,1
-6639,-6639,1.0,1
6714,6714,0.0002978850163836759,1
-6714,-6714,1.0,1
6789,6789,0.0002945941964943291,1
-6789,-6789,1.0,1
6863,6863,0.0002914177473408131,1
-6863,-6863,1.0,1
6938,6938,0.0002882675122513693,1
-6938,-6938,1.0,1
7002,7002,0.00028563267637817766,1
-7002,-7002,1.0,1
7055,7055,0.00028348688873139615,1
-7055,-7055,1.0,1
7122,7122,0.0002808199943836001,1
-7122,-7122,1.0,1
7188,7188,0.0002782415136338342,1
-7188,-7188,1.0,1
7255,7255,0.0002756719503790489,1
-7255,-7255,1.0,1
7321,7321,0.0002731867231252561,1
-7321,-7321,1.0,1
7388,7388,0.0002707092582566324,1
-7388,-7388,1.0,1
7454,7454,0.00026831231553528306,1
-7454,-7454,1.0,1
7502,7502,0.00026659557451346307,1
-7502,-7502,1.0,1
7558,7558,0.0002646202699126753,1
-7558,-7558,1.0,1
7618,7618,0.00026253609871357313,1
-7618,-7618,1.0,1
7678,7678,0.00026048450117218026,1
-7678,-7678,1.0,1
7737,7737,0.00025849812588858733,1
-7737,-7737,1.0,1
7797,7797,0.00025650891368475054,1
-7797,-7797,1.0,1
7857,7857,0.0002545500827287769,1
-7857,-7857,1.0,1
7917,7917,0.00025262094227611467,1
-7917,-7917,1.0,1
7977,7977,0.00025072082236429733,1
-7977,-7977,1.0,1
8016,8016,0.000249500998003992,1
-8016,-8016,1.0,1
8076,8076,0.00024764735017335313,1
-8076,-8076,1.0,1
8136,8136,0.0002458210422812193,1
-8136,-8136,1.0,1
8196,8196,0.0002440214738897023,1
-8196,-8196,1.0,1
8255,8255,0.00024227740763173834,1
-8255,-8255,1.0,1
8315,8315,0.00024052916416115455,1
-8315,-8315,1.0,1
8375,8375,0.00023880597014925374,1
-8375,-8375,1.0,1
8435,8435,0.00023710729104919976,1
-8435,-8435,1.0,1
8495,8495,0.00023543260741612713,1
-8495,-8495,1.0,1
8655,8655,0.00023108030040439053,1
-8655,-8655,1.0,1
8951,8951,0.00022343872193051055,1
-8951,-8951,1.0,1
9245,9245,0.00021633315305570578,1
-9245,-9245,1.0,1
9502,9502,0.00021048200378867606,1
-9502,-9502,1.0,1
9653,9653,0.00020718947477468144,1
-9653,-9653,1.0,1
9849,9849,0.0002030663011473246,1
-9849,-9849,1.0,1
10046,10046,0.00019908421262193908,1
-10046,-10046,1.0,1
10242,10242,0.00019527436047646945,1
-10242,-10242,1.0,1
10439,10439,0.0001915892326851231,1
-10439,-10439,1.0,1
10550,10550,0.0001895734597156398,1
-10550,-10550,1.0,1
10698,10698,0.0001869508319312021,1
-10698,-10698,1.0,1
10846,10846,0.00018439977872026554,1
-10846,-10846,1.0,1
0,0,1.0,1
10888,10888,0.0001836884643644379,1
-10888,-10888,1.0,1
10996,10996,0.00018188432157148054,1
1,0,1.0,0
0,0,1.0,0
0,0,1.0,0
0,0,1.0,0
0,0,1.0,0
0,0,1.0,0
0,0,1.0,0
0,0,1.0,0
0,0,1.0,0
0,0,1.0,0
1,0,1.0,0
0,0,1.0,0
0,0,1.0,0
0,0,1.0,0
0,0,1.0,0
0,0,1.0,0
0,0,1.0,0
0,0,1.0,0
0,0,1.0,0
4,4,1.0,0
-4,-4,1.0,0
8,6,1.0,0
-8,-6,1.0,0
10,7,1.0,0
-10,-7,1.0,0
14,8,1.0,0
-14,-8,1.0,0
0,0,1.0,0
18,10,1.0,0
-18,-10,1.0,0
24,10,1.0,0
4,0,1.0,0
-28,-10,1.0,0
38,10,1.0,0
-38,-10,1.0,0
0,0,1.0,0
42,10,1.0,0
2,0,1.0,0
-44,-10,1.0,0
0,0,1.0,0
48,10,1.0,0
4,0,1.0,0
-52,-10,1.0,0
0,0,1.0,0
56,10,1.0,0
0,0,1.0,0
-56,-10,1.0,0
58,10,1.0,0
-58,-10,1.0,0
64,10,1.0,0
-64,-10,1.0,0
66,10,1.0,0
-66,-10,1.0,0
68,10,1.0,0
-68,-10,1.0,0
70,10,1.0,0
-70,-10,1.0,0
72,10,1.0,0
-72,-10,1.0,0
74,10,1.0,0
-74,-10,1.0,0
0,0,1.0,0
78,10,1.0,0
2,0,1.0,0
-80,-10,1.0,0
80,10,1.0,0
-80,-10,1.0,0
82,10,1.0,0
-82,-10,1.0,0
82,10,1.0,0
-82,-10,1.0,0
0,0,1.0,0
84,10,1.0,0
-84,-10,1.0,0
84,10,1.0,0
4,0,1.0,0
-88,-10,1.0,0
90,10,1.0,0
-90,-10,1.0,0
90,10,1.0,0
-90,-10,1.0,0
0,0,1.0,0
90,10,1.0,0
0,0,1.0,0
-90,-10,1.0,0
90,10,1.0,0
-90,-10,1.0,0
0,0,1.0,0
90,10,1.0,0
0,0,1.0,0
-90,-10,1.0,0
0,0,1.0,0
90,10,1.0,0
0,0,1.0,0
-90,-10,1.0,0
90,10,1.0,0
-90,-10,1.0,0
90,10,1.0,0
-90,-10,1.0,0
90,10,1.0,0
-90,-10,1.0,0
90,10,1.0,0
-90,-10,1.0,0
90,10,1.0,0
-90,-10,1.0,0
90,10,1.0,0
-90,-10,1.0,0
90,10,1.0,0
-90,-10,1.0,0
90,10,1.0,0
-90,-10,1.0,0
90,10,1.0,0
-90,-10,1.0,0
90,10,1.0,0
-90,-10,1.0,0
0,0,1.0,0
90,10,1.0,0
0,0,1.0,0
-90,-10,1.0,0
90,10,1.0,0
-90,-10,1.0,0
90,10,1.0,0
-90,-10,1.0,0
90,10,1.0,0
-90,-10,1.0,0
0,0,1.0,0
90,10,1.0,0
0,0,1.0,0
-90,-10,1.0,0
90,10,1.0,0
-90,-10,1.0,0
90,10,1.0,0
-90,-10,1.0,0
90,10,1.0,0
-90,-10,1.0,0
90,10,1.0,0
-90,-10,1.0,0
90,10,1.0,0
-90,-10,1.0,0
90,10,1.0,0
-90,-10,1.0,0
90,10,1.0,0
-90,-10,1.0,0
90,10,1.0,0
-90,-10,1.0,0
90,10,1.0,0
-90,-10,1.0,0
90,10,1.0,0
-90,-10,1.0,0
90,10,1.0,0
-90,-10,1.0,0
90,10,1.0,0
-90,-10,1.0,0
90,10,1.0,0
-90,-10,1.0,0
0,0,1.0,0
90,10,1.0,0
-90,-10,1.0,0
90,10,1.0,0
0,0,1.0,0
-90,-10,1.0,0
90,10,1.0,0
-90,-10,1.0,0
90,10,1.0,0
-90,-10,1.0,0
0,0,1.0,0
90,10,1.0,0
0,0,1.0,0
-90,-10,1.0,0
90,10,1.0,0
-90,-10,1.0,0
90,10,1.0,0
-90,-10,1.0,0
0,0,1.0,0
90,10,1.0,0
-90,-10,1.0,0
90,10,1.0,0
0,0,1.0,0
-90,-10,1.0,0
90,10,1.0,0
-90,-10,1.0,0
90,10,1.0,0
-90,-10,1.0,0
90,10,1.0,0
-90,-10,1.0,0
0,0,1.0,0
90,10,1.0,0
0,0,1.0,0
-90,-10,1.0,0
0,0,1.0,0
90,10,1.0,0
0,0,1.0,0
-90,-10,1.0,0
0,0,1.0,0
90,10,1.0,0
1,0,1.0,1
0,0,1.0,1
0,0,1.0,1
0,0,1.0,1
0,0,1.0,1
0,0,1.0,1
0,0,1.0,1
0,0,1.0,1
0,0,1.0,1
0,0,1.0,1
0,0,1.0,1
0,0,1.0,1
0,0,1.0,1
0,0,1.0,1
0,0,1.0,1
0,0,1.0,1
0,0,1.0,1
0,0,1.0,1
0,0,1.0,1
0,0,1.0,1
0,0,1.0,1
0,0,1.0,1
0,0,1.0,1
0,0,1.0,1
0,0,1.0,1
0,0,1.0,1
0,0,1.0,1
0,0,1.0,1
0,0,1.0,1
0,0,1.0,1
0,0,1.0,1
0,0,1.0,1
0,0,1.0,1
0,0,1.0,1
0,0,1.0,1
0,0,1.0,1
0,0,1.0,1
0,0,1.0,1
0,0,1.0,1
0,0,1.0,1
0,0,1.0,1
0,0,1.0,1
0,0,1.0,1
0,0,1.0,1
0,0,1.0,1
0,0,1.0,1
0,0,1.0,1
0,0,1.0,1
0,0,1.0,1
0,0,1.0,1
0,0,1.0,1
0,0,1.0,1
0,0,1.0,1
0,0,1.0,1
0,0,1.0,1
0,0,1.0,1
0,0,1.0,1
0,0,1.0,1
0,0,1.0,1
0,0,1.0,1
0,0,1.0,1
0,0,1.0,1
0,0,1.0,1
0,0,1.0,1
0,0,1.0,1
0,0,1.0,1
0,0,1.0,1
0,0,1.0,1
0,0,1.0,1
0,0,1.0,1
0,0,1.0,1
0,0,1.0,1
0,0,1.0,1
0,0,1.0,1
0,0,1.0,1
0,0,1.0,1
0,0,1.0,1
0,0,1.0,1
88,88,0.0,1
39,39,0.0,1
-127,-127,1.0,1
187,187,0.0,1
-187,-187,1.0,1
246,246,0.0,1
-246,-246,1.0,1
306,306,0.0,1
-306,-306,1.0,1
366,366,0.0,1
-366,-366,1.0,1
425,425,0.0,1
-425,-425,1.0,1
485,485,0.0,1
-485,-485,1.0,1
545,545,0.0,1
-545,-545,1.0,1
597,597,0.0,1
-597,-597,1.0,1
829,829,0.0024125452352231603,1
-829,-829,1.0,1
1126,1126,0.0017761989342806395,1
-1126,-1126,1.0,1
1422,1422,0.0014064697609001407,1
-1422,-1422,1.0,1
0,0,1.0,1
1609,1609,0.001243008079552517,1
-1609,-1609,1.0,1
1807,1807,0.0011068068622025456,1
-1807,-1807,1.0,1
2005,2005,0.000997506234413965,1
-2005,-2005,1.0,1
2202,2202,0.0009082652134423251,1
-2202,-2202,1.0,1
2400,2400,0.0008333333333333334,1
198,198,0.0007698229407236335,1
-2598,-2598,1.0,1
2694,2694,0.0007423904974016332,1
-2694,-2694,1.0,1
0,0,1.0,1
2842,2842,0.0007037297677691766,1
-2842,-2842,1.0,1
2991,2991,0.0006686726847208291,1
110,110,0.0006449532408900354,1
-3101,-3101,1.0,1
7,4,1.0,0
4,2,1.0,0
6,3,1.0,0
2,0,1.0,0
4,1,1.0,0
4,0,1.0,0
6,0,1.0,0
2,0,1.0,0
8,0,1.0,0
8,0,1.0,0
2,0,1.0,0
0,0,1.0,0
4,0,1.0,0
4,0,1.0,0
2,0,1.0,0
0,0,1.0,0
6,0,1.0,0
2,0,1.0,0
6,0,1.0,0
2,0,1.0,0
0,0,1.0,0
2,0,1.0,0
2,0,1.0,0
2,0,1.0,0
0,0,1.0,0
0,0,1.0,0
2,0,1.0,0
0,0,1.0,0
0,0,1.0,0
2,0,1.0,0
0,0,1.0,0
0,0,1.0,0
0,0,1.0,0
0,0,1.0,0
0,0,1.0,0
2,0,1.0,0
0,0,1.0,0
0,0,1.0,0
0,0,1.0,0
0,0,1.0,0
0,0,1.0,0
0,0,1.0,0
0,0,1.0,0
0,0,1.0,0
0,0,1.0,0
0,0,1.0,0
0,0,1.0,0
0,0,1.0,0
0,0,1.0,0
0,0,1.0,0
0,0,1.0,0
0,0,1.0,0
0,0,1.0,0
0,0,1.0,0
0,0,1.0,0
0,0,1.0,0
0,0,1.0,0
0,0,1.0,0
0,0,1.0,0
0,0,1.0,0
0,0,1.0,0
0,0,1.0,0
0,0,1.0,0
0,0,1.0,0
0,0,1.0,0
0,0,1.0,0
0,0,1.0,0
0,0,1.0,0
0,0,1.0,0
0,0,1.0,0
0,0,1.0,0
0,0,1.0,0
0,0,1.0,0
0,0,1.0,0
0,0,1.0,0
0,0,1.0,0
0,0,1.0,0
0,0,1.0,0
0,0,1.0,0
0,0,1.0,0
0,0,1.0,0
0,0,1.0,0
0,0,1.0,0
0,0,1.0,0
0,0,1.0,0
0,0,1.0,0
0,0,1.0,0
0,0,1.0,0
0,0,1.0,0
0,0,1.0,0
0,0,1.0,0
-90,-10,1.0,0
90,10,1.0,0
-90,-10,1.0,0
90,10,1.0,0
-90,-10,1.0,0
90,10,1.0,0
-90,-10,1.0,0
90,10,1.0,0
-90,-10,1.0,0
90,10,1.0,0
-90,-10,1.0,0
1,0,1.0,1
0,0,1.0,1
0,0,1.0,1
0,0,1.0,1
0,0,1.0,1
0,0,1.0,1
0,0,1.0,1
0,0,1.0,1
0,0,1.0,1
0,0,1.0,1
0,0,1.0,1
0,0,1.0,1
0,0,1.0,1
0,0,1.0,1
0,0,1.0,1
0,0,1.0,1
0,0,1.0,1
0,0,1.0,1
0,0,1.0,1
0,0,1.0,1
0,0,1.0,1
0,0,1.0,1
0,0,1.0,1
0,0,1.0,1
0,0,1.0,1
0,0,1.0,1
0,0,1.0,1
0,0,1.0,1
0,0,1.0,1
0,0,1.0,1
0,0,1.0,1
0,0,1.0,1
0,0,1.0,1
0,0,1.0,1
0,0,1.0,1
0,0,1.0,1
0,0,1.0,1
0,0,1.0,1
0,0,1.0,1
0,0,1.0,1
0,0,1.0,1
0,0,1.0,1
0,0,1.0,1
0,0,1.0,1
0,0,1.0,1
0,0,1.0,1
0,0,1.0,1
0,0,1.0,1
0,0,1.0,1
0,0,1.0,1
0,0,1.0,1
0,0,1.0,1
0,0,1.0,1
0,0,1.0,1
0,0,1.0,1
0,0,1.0,1
0,0,1.0,1
0,0,1.0,1
0,0,1.0,1
0,0,1.0,1
7,4,1.0,0
-6,-4,1.0,0
10,5,1.0,0
-10,-5,1.0,0
20,7,1.0,0
-20,-7,1.0,0
20,7,1.0,0
-20,-7,1.0,0
22,7,1.0,0
-22,-7,1.0,0
32,9,1.0,0
-32,-9,1.0,0
34,10,1.0,0
-34,-10,1.0,0
36,10,1.0,0
-36,-10,1.0,0
42,10,1.0,0
-42,-10,1.0,0
42,10,1.0,0
-42,-10,1.0,0
54,10,1.0,0
-54,-10,1.0,0
56,10,1.0,0
-56,-10,1.0,0
58,10,1.0,0
-58,-10,1.0,0
66,10,1.0,0
-66,-10,1.0,0
66,10,1.0,0
-66,-10,1.0,0
68,10,1.0,0
-68,-10,1.0,0
68,10,1.0,0
-68,-10,1.0,0
68,10,1.0,0
-68,-10,1.0,0
74,10,1.0,0
-74,-10,1.0,0
76,10,1.0,0
-76,-10,1.0,0
76,10,1.0,0
-76,-10,1.0,0
78,10,1.0,0
-78,-10,1.0,0
78,10,1.0,0
-78,-10,1.0,0
80,10,1.0,0
-80,-10,1.0,0
82,10,1.0,0
-82,-10,1.0,0
82,10,1.0,0
-82,-10,1.0,0
84,10,1.0,0
-84,-10,1.0,0
86,10,1.0,0
-86,-10,1.0,0
86,10,1.0,0
-86,-10,1.0,0
88,10,1.0,0
-88,-10,1.0,0
90,10,1.0,0
-90,-10,1.0,0
90,10,1.0,0
-90,-10,1.0,0
90,10,1.0,0
-90,-10,1.0,0
90,10,1.0,0
-90,-10,1.0,0
90,10,1.0,0
-90,-10,1.0,0
90,10,1.0,0
-90,-10,1.0,0
90,10,1.0,0
-90,-10,1.0,0
90,10,1.0,0
-90,-10,1.0,0
90,10,1.0,0
-90,-10,1.0,0
90,10,1.0,0
-90,-10,1.0,0
90,10,1.0,0
-90,-10,1.0,0
90,10,1.0,0
-90,-10,1.0,0
90,10,1.0,0
-90,-10,1.0,0
90,10,1.0,0
-90,-10,1.0,0
90,10,1.0,0
-90,-10,1.0,0
90,10,1.0,0
-90,-10,1.0,0
90,10,1.0,0
-90,-10,1.0,0
90,10,1.0,0
-90,-10,1.0,0
90,10,1.0,0
-90,-10,1.0,0
90,10,1.0,0
-90,-10,1.0,0
90,10,1.0,0
-90,-10,1.0,0
90,10,1.0,0
-90,-10,1.0,0
90,10,1.0,0
-90,-10,1.0,0
90,10,1.0,0
-90,-10,1.0,0
90,10,1.0,0
-90,-10,1.0,0
90,10,1.0,0
-90,-10,1.0,0
90,10,1.0,0
-90,-10,1.0,0
90,10,1.0,0
-90,-10,1.0,0
90,10,1.0,0
-90,-10,1.0,0
90,10,1.0,0
-90,-10,1.0,0
90,10,1.0,0
-90,-10,1.0,0
0,0,1.0,0
90,10,1.0,0
0,0,1.0,0
-90,-10,1.0,0
90,10,1.0,0
-90,-10,1.0,0
90,10,1.0,0
-90,-10,1.0,0
90,10,1.0,0
-90,-10,1.0,0
90,10,1.0,0
-90,-10,1.0,0
90,10,1.0,0
-90,-10,1.0,0
90,10,1.0,0
-90,-10,1.0,0
90,10,1.0,0
-90,-10,1.0,0
90,10,1.0,0
-90,-10,1.0,0
90,10,1.0,0
-90,-10,1.0,0
90,10,1.0,0
-90,-10,1.0,0
90,10,1.0,0
-90,-10,1.0,0
0,0,1.0,0
90,10,1.0,0
0,0,1.0,0
-90,-10,1.0,0
90,10,1.0,0
-90,-10,1.0,0
90,10,1.0,0
-90,-10,1.0,0
90,10,1.0,0
-90,-10,1.0,0
90,10,1.0,0
-90,-10,1.0,0
90,10,1.0,0
-90,-10,1.0,0
90,10,1.0,0
-90,-10,1.0,0
90,10,1.0,0
-90,-10,1.0,0
90,10,1.0,0
-90,-10,1.0,0
90,10,1.0,0
-90,-10,1.0,0
90,10,1.0,0
-90,-10,1.0,0
90,10,1.0,0
-90,-10,1.0,0
90,10,1.0,0
-90,-10,1.0,0
90,10,1.0,0
-90,-10,1.0,0
90,10,1.0,0
-90,-10,1.0,0
90,10,1.0,0
-90,-10,1.0,0
90,10,1.0,0
-90,-10,1.0,0
90,10,1.0,0
-90,-10,1.0,0
90,10,1.0,0
-90,-10,1.0,0
90,10,1.0,0
-90,-10,1.0,0
90,10,1.0,0
-90,-10,1.0,0
90,10,1.0,0
-90,-10,1.0,0
90,10,1.0,0
-90,-10,1.0,0
90,10,1.0,0
-90,-10,1.0,0
90,10,1.0,0
-90,-10,1.0,0
90,10,1.0,0
-90,-10,1.0,0
90,10,1.0,0
-90,-10,1.0,0
90,10,1.0,0
-90,-10,1.0,0
90,10,1.0,0
-90,-10,1.0,0
90,10,1.0,0
-90,-10,1.0,0
90,10,1.0,0
-90,-10,1.0,0
90,10,1.0,0
-90,-10,1.0,0
90,10,1.0,0
-90,-10,1.0,0
90,10,1.0,0
-90,-10,1.0,0
90,10,1.0,0
-90,-10,1.0,0
90,10,1.0,0
-90,-10,1.0,0
90,10,1.0,0
-90,-10,1.0,0
90,10,1.0,0
-90,-10,1.0,0
90,10,1.0,0
-90,-10,1.0,0
90,10,1.0,0
-90,-10,1.0,0
90,10,1.0,0
-90,-10,1.0,0
90,10,1.0,0
-90,-10,1.0,0
90,10,1.0,0
-90,-10,1.0,0
90,10,1.0,0
-90,-10,1.0,0
90,10,1.0,0
-90,-10,1.0,0
90,10,1.0,0
-90,-10,1.0,0
90,10,1.0,0
-90,-10,1.0,0
90,10,1.0,0
-90,-10,1.0,0
90,10,1.0,0
-90,-10,1.0,0
90,10,1.0,0
-90,-10,1.0,0
90,10,1.0,0
-90,-10,1.0,0
90,10,1.0,0
-90,-10,1.0,0
90,10,1.0,0
-90,-10,1.0,0
90,10,1.0,0
-90,-10,1.0,0
90,10,1.0,0
-90,-10,1.0,0
90,10,1.0,0
-90,-10,1.0,0
90,10,1.0,0
-90,-10,1.0,0
90,10,1.0,0
-90,-10,1.0,0
90,10,1.0,0
-90,-10,1.0,0
90,10,1.0,0
-90,-10,1.0,0
90,10,1.0,0
-90,-10,1.0,0
90,10,1.0,0
-90,-10,1.0,0
90,10,1.0,0
-90,-10,1.0,0
90,10,1.0,0
-90,-10,1.0,0
90,10,1.0,0
-90,-10,1.0,0
90,10,1.0,0
-90,-10,1.0,0
90,10,1.0,0
-90,-10,1.0,0
90,10,1.0,0
-90,-10,1.0,0
90,10,1.0,0
-90,-10,1.0,0
90,10,1.0,0
-90,-10,1.0,0
90,10,1.0,0
-90,-10,1.0,0
90,10,1.0,0
-90,-10,1.0,0
90,10,1.0,0
-90,-10,1.0,0
90,10,1.0,0
-90,-10,1.0,0
90,10,1.0,0
-90,-10,1.0,0
90,10,1.0,0
-90,-10,1.0,0
90,10,1.0,0
-90,-10,1.0,0
90,10,1.0,0
-90,-10,1.0,0
90,10,1.0,0
-90,-10,1.0,0
90,10,1.0,0
-90,-10,1.0,0
90,10,1.0,0
-90,-10,1.0,0
90,10,1.0,0
-90,-10,1.0,0
90,10,1.0,0
-90,-10,1.0,0
90,10,1.0,0
-90,-10,1.0,0
90,10,1.0,0
-90,-10,1.0,0
90,10,1.0,0
-90,-10,1.0,0
90,10,1.0,0
-90,-10,1.0,0
90,10,1.0,0
-90,-10,1.0,0
90,10,1.0,0
-90,-10,1.0,0
90,10,1.0,0
-90,-10,1.0,0
90,10,1.0,0
-90,-10,1.0,0
90,10,1.0,0
-90,-10,1.0,0
90,10,1.0,0
-90,-10,1.0,0
90,10,1.0,0
-90,-10,1.0,0
90,10,1.0,0
-90,-10,1.0,0
90,10,1.0,0
-90,-10,1.0,0
90,10,1.0,0
-90,-10,1.0,0
90,10,1.0,0
-90,-10,1.0,0
90,10,1.0,0
-90,-10,1.0,0
90,10,1.0,0
-90,-10,1.0,0
90,10,1.0,0
-90,-10,1.0,0
90,10,1.0,0
-90,-10,1.0,0
90,10,1.0,0
-90,-10,1.0,0
90,10,1.0,0
-90,-10,1.0,0
90,10,1.0,0
-90,-10,1.0,0
90,10,1.0,0
-90,-10,1.0,0
90,10,1.0,0
-90,-10,1.0,0
90,10,1.0,0
-90,-10,1.0,0
90,10,1.0,0
-90,-10,1.0,0
90,10,1.0,0
-90,-10,1.0,0
90,10,1.0,0
-90,-10,1.0,0
90,10,1.0,0
-90,-10,1.0,0
90,10,1.0,0
-90,-10,1.0,0
90,10,1.0,0
-90,-10,1.0,0
90,10,1.0,0
-90,-10,1.0,0
90,10,1.0,0
-90,-10,1.0,0
90,10,1.0,0
-90,-10,1.0,0
90,10,1.0,0
-90,-10,1.0,0
90,10,1.0,0
-90,-10,1.0,0
90,10,1.0,0
-90,-10,1.0,0
90,10,1.0,0
-90,-10,1.0,0
90,10,1.0,0
-90,-10,1.0,0
90,10,1.0,0
-90,-10,1.0,0
90,10,1.0,0
-90,-10,1.0,0
90,10,1.0,0
-90,-10,1.0,0
90,10,1.0,0
-90,-10,1.0,0
25,24,0.08333333333333333,1
-24,-24,1.0,1
60,60,0.03333333333333333,1
-60,-60,1.0,1
97,97,0.020618556701030927,1
-97,-97,1.0,1
134,134,0.014925373134328358,1
-134,-134,1.0,1
291,291,0.006872852233676976,1
-291,-291,1.0,1
469,469,0.0042643923240938165,1
-469,-469,1.0,1
641,641,0.0031201248049922,1
-641,-641,1.0,1
835,835,0.0023952095808383233,1
-835,-835,1.0,1
1055,1055,0.0018957345971563982,1
-1055,-1055,1.0,1
1226,1226,0.0016313213703099511,1
-1226,-1226,1.0,1
1473,1473,0.0013577732518669382,1
-1473,-1473,1.0,1
1644,1644,0.0012165450121654502,1
-1644,-1644,1.0,1
1863,1863,0.0010735373054213634,1
-1863,-1863,1.0,1
1918,1918,0.0010427528675703858,1
-1918,-1918,1.0,1
2163,2163,0.0009246417013407304,1
-2163,-2163,1.0,1
2409,2409,0.0008302200083022001,1
-2409,-2409,1.0,1
2578,2578,0.0007757951900698216,1
-2578,-2578,1.0,1
2826,2826,0.0007077140835102619,1
-2826,-2826,1.0,1
2996,2996,0.0006675567423230974,1
-2996,-2996,1.0,1
3243,3243,0.0006167129201356768,1
-3243,-3243,1.0,1
3409,3409,0.0005866823115283074,1
-3409,-3409,1.0,1
3657,3657,0.0005468963631391851,1
-3657,-3657,1.0,1
3751,3751,0.0005331911490269261,1
-3751,-3751,1.0,1
3788,3788,0.0005279831045406547,1
-3788,-3788,1.0,1
3824,3824,0.0005230125523012552,1
-3824,-3824,1.0,1
3884,3884,0.0005149330587023687,1
-3884,-3884,1.0,1
4050,4050,0.0004938271604938272,1
-4050,-4050,1.0,1
4236,4236,0.00047214353163361664,1
-4236,-4236,1.0,1
4464,4464,0.00044802867383512545,1
-4464,-4464,1.0,1
4632,4632,0.0004317789291882556,1
-4632,-4632,1.0,1
4874,4874,0.0004103405826836274,1
-4874,-4874,1.0,1
5052,5052,0.000395882818685669,1
-5052,-5052,1.0,1
5287,5287,0.0003782863627766219,1
-5287,-5287,1.0,1
5468,5468,0.000365764447695684,1
-5468,-5468,1.0,1
5716,5716,0.0003498950314905528,1
-5716,-5716,1.0,1
5884,5884,0.0003399048266485384,1
-5884,-5884,1.0,1
6132,6132,0.00032615786040443573,1
-6132,-6132,1.0,1
6304,6304,0.00031725888324873094,1
-6304,-6304,1.0,1
6399,6399,0.0003125488357555868,1
-6399,-6399,1.0,1
6436,6436,0.00031075201988812925,1
-6436,-6436,1.0,1
6625,6625,0.0003018867924528302,1
-6625,-6625,1.0,1
6793,6793,0.00029442072721919626,1
-6793,-6793,1.0,1
7035,7035,0.00028429282160625445,1
-7035,-7035,1.0,1
7217,7217,0.0002771234585007621,1
-7217,-7217,1.0,1
7253,7253,0.0002757479663587481,1
-7253,-7253,1.0,1
7290,7290,0.00027434842249657066,1
-7290,-7290,1.0,1
7327,7327,0.0002729630135116692,1
-7327,-7327,1.0,1
7485,7485,0.0002672010688042752,1
-7485,-7485,1.0,1
7674,7674,0.00026062027625749283,1
-7674,-7674,1.0,1
7843,7843,0.0002550044625780951,1
-7843,-7843,1.0,1
8018,8018,0.0002494387627837366,1
-8018,-8018,1.0,1
8206,8206,0.00024372410431391665,1
-8206,-8206,1.0,1
8377,8377,0.0002387489554733198,1
-8377,-8377,1.0,1
8625,8625,0.00023188405797101448,1
-8625,-8625,1.0,1
8751,8751,0.00022854530910753056,1
-8751,-8751,1.0,1
8999,8999,0.00022224691632403602,1
-8999,-8999,1.0,1
9166,9166,0.0002181976871045167,1
-9166,-9166,1.0,1
9413,9413,0.00021247211303516414,1
-9413,-9413,1.0,1
9646,9646,0.00020733982998133942,1
-9646,-9646,1.0,1
9832,9832,0.0002034174125305126,1
-9832,-9832,1.0,1
10045,10045,0.00019910403185664509,1
-10045,-10045,1.0,1
10250,10250,0.0001951219512195122,1
-10250,-10250,1.0,1
10476,10476,0.00019091256204658267,1
-10476,-10476,1.0,1
10666,10666,0.00018751171948246765,1
-10666,-10666,1.0,1
10907,10907,0.00018336847895846704,1
-10907,-10907,1.0,1
10943,10943,0.00018276523805172256,1
-10943,-10943,1.0,1
10980,10980,0.00018214936247723133,1
-10980,-10980,1.0,1
11017,11017,0.00018153762367250612,1
-11017,-11017,1.0,1
11135,11135,0.0001796138302649304,1
-11135,-11135,1.0,1
11307,11307,0.00017688157778367384,1
-11307,-11307,1.0,1
11475,11475,0.00017429193899782134,1
-11475,-11475,1.0,1
11682,11682,0.0001712035610340695,1
-11682,-11682,1.0,1
11894,11894,0.00016815200941651252,1
-11894,-11894,1.0,1
12064,12064,0.00016578249336870026,1
-12064,-12064,1.0,1
12312,12312,0.00016244314489928524,1
-12312,-12312,1.0,1
12483,12483,0.00016021789633902106,1
-12483,-12483,1.0,1
12731,12731,0.00015709685020815333,1
-12731,-12731,1.0,1
12898,12898,0.00015506280043417584,1
-12898,-12898,1.0,1
13104,13104,0.00015262515262515263,1
-13104,-13104,1.0,1
13352,13352,0.00014979029358897544,1
-13352,-13352,1.0,1
13523,13523,0.00014789617688382755,1
-13523,-13523,1.0,1
13657,13657,0.00014644504649630226,1
-13657,-13657,1.0,1
13857,13857,0.00014433138485963774,1
-13857,-13857,1.0,1
0,0,1.0,1
13910,13910,0.00014378145219266715,1
-13910,-13910,1.0,1
14086,14086,0.0001419849495953429,1
-14086,-14086,1.0,1
14279,14279,0.00014006583094054205,1
-14279,-14279,1.0,1
14519,14519,0.00013775053378331842,1
-14519,-14519,1.0,1
14559,14559,0.00013737207225771001,1
-14559,-14559,1.0,1
14601,14601,0.00013697691938908293,1
-14601,-14601,1.0,1
14642,14642,0.00013659336156262805,1
-14642,-14642,1.0,1
14806,14806,0.00013508037282182898,1
-14806,-14806,1.0,1
15002,15002,0.0001333155579256099,1
-15002,-15002,1.0,1
15266,15266,0.00013101008777675882,1
-15266,-15266,1.0,1
15511,15511,0.00012894075172458256,1
-15511,-15511,1.0,1
15733,15733,0.00012712133731646857,1
-15733,-15733,1.0,1
15989,15989,0.0001250859966226781,1
-15989,-15989,1.0,1
16250,16250,0.00012307692307692307,1
-16250,-16250,1.0,1
16489,16489,0.00012129298320092183,1
-16489,-16489,1.0,1
16827,16827,0.00011885659951268794,1
-16827,-16827,1.0,1
17104,17104,0.00011693171188026193,1
-17104,-17104,1.0,1
17398,17398,0.00011495574203931487,1
-17398,-17398,1.0,1
17702,17702,0.00011298158400180771,1
-17702,-17702,1.0,1
18091,18091,0.0001105522082803604,1
-18091,-18091,1.0,1
18175,18175,0.00011004126547455296,1
-18175,-18175,1.0,1
18238,18238,0.0001096611470555982,1
-18238,-18238,1.0,1
18529,18529,0.00010793890657887635,1
-18529,-18529,1.0,1
18804,18804,0.00010636034886194426,1
-18804,-18804,1.0,1
19120,19120,0.00010460251046025104,1
-19120,-19120,1.0,1
19439,19439,0.00010288595092340141,1
-19439,-19439,1.0,1
19837,19837,0.00010082169682915764,1
-19837,-19837,1.0,1
20337,20337,9.834292176820574e-05,1
-20337,-20337,1.0,1
20742,20742,9.642271719217047e-05,1
-20742,-20742,1.0,1
21192,21192,9.437523593808984e-05,1
-21192,-21192,1.0,1
21621,21621,9.250265945145924e-05,1
-21621,-21621,1.0,1
21722,21722,9.207255317189946e-05,1
-21722,-21722,1.0,1
22223,22223,8.999685011024614e-05,1
-22223,-22223,1.0,1
22583,22583,8.856219279989372e-05,1
-22583,-22583,1.0,1
23226,23226,8.61103935244984e-05,1
-23226,-23226,1.0,1
23885,23885,8.373456144023445e-05,1
-23885,-23885,1.0,1
24571,24571,8.139676854828863e-05,1
575,575,7.953551260637875e-05,1
236,236,7.87959971633441e-05,1
737,737,7.657260997741108e-05,1
443,443,7.529553497477599e-05,1
-26562,-26562,1.0,1
27227,27227,7.345649539060492e-05,1
177,177,7.298204641658152e-05,1
0,0,7.298204641658152e-05,1
-27404,-27404,1.0,1
27404,27404,7.298204641658152e-05,1
0,0,7.298204641658152e-05,1
0,0,7.298204641658152e-05,1
-27404,-27404,1.0,1
27404,27404,7.298204641658152e-05,1
-27404,-27404,1.0,1
27404,27404,7.298204641658152e-05,1
-27404,-27404,1.0,1
3,2,1.0,0
-2,-2,1.0,0
2,2,1.0,0
-2,-2,1.0,0
12,5,1.0,0
-12,-5,1.0,0
14,6,1.0,0
-14,-6,1.0,0
20,9,1.0,0
-20,-9,1.0,0
24,10,1.0,0
-24,-10,1.0,0
30,10,1.0,0
-30,-10,1.0,0
34,10,1.0,0
-34,-10,1.0,0
38,10,1.0,0
-38,-10,1.0,0
40,10,1.0,0
-40,-10,1.0,0
46,10,1.0,0
-46,-10,1.0,0
52,10,1.0,0
-52,-10,1.0,0
58,10,1.0,0
-58,-10,1.0,0
58,10,1.0,0
-58,-10,1.0,0
62,10,1.0,0
-62,-10,1.0,0
66,10,1.0,0
-66,-10,1.0,0
70,10,1.0,0
-70,-10,1.0,0
72,10,1.0,0
-72,-10,1.0,0
76,10,1.0,0
-76,-10,1.0,0
78,10,1.0,0
-78,-10,1.0,0
84,10,1.0,0
-84,-10,1.0,0
84,10,1.0,0
-84,-10,1.0,0
84,10,1.0,0
-84,-10,1.0,0
88,10,1.0,0
-88,-10,1.0,0
88,10,1.0,0
-88,-10,1.0,0
88,10,1.0,0
-88,-10,1.0,0
88,10,1.0,0
-88,-10,1.0,0
90,10,1.0,0
-90,-10,1.0,0
90,10,1.0,0
-90,-10,1.0,0
90,10,1.0,0
-90,-10,1.0,0
90,10,1.0,0
-90,-10,1.0,0
90,10,1.0,0
-90,-10,1.0,0
90,10,1.0,0
-90,-10,1.0,0
90,10,1.0,0
-90,-10,1.0,0
90,10,1.0,0
-90,-10,1.0,0
90,10,1.0,0
-90,-10,1.0,0
90,10,1.0,0
-90,-10,1.0,0
90,10,1.0,0
-90,-10,1.0,0
90,10,1.0,0
-90,-10,1.0,0
90,10,1.0,0
-90,-10,1.0,0
90,10,1.0,0
-90,-10,1.0,0
90,10,1.0,0
-90,-10,1.0,0
90,10,1.0,0
-90,-10,1.0,0
90,10,1.0,0
-90,-10,1.0,0
90,10,1.0,0
-90,-10,1.0,0
90,10,1.0,0
-90,-10,1.0,0
90,10,1.0,0
-90,-10,1.0,0
90,10,1.0,0
-90,-10,1.0,0
90,10,1.0,0
-90,-10,1.0,0
90,10,1.0,0
-90,-10,1.0,0
90,10,1.0,0
-90,-10,1.0,0
90,10,1.0,0
-90,-10,1.0,0
90,10,1.0,0
-90,-10,1.0,0
90,10,1.0,0
-90,-10,1.0,0
90,10,1.0,0
-90,-10,1.0,0
0,0,1.0,0
90,10,1.0,0
0,0,1.0,0
-90,-10,1.0,0
90,10,1.0,0
-90,-10,1.0,0
90,10,1.0,0
-90,-10,1.0,0
90,10,1.0,0
-90,-10,1.0,0
90,10,1.0,0
-90,-10,1.0,0
90,10,1.0,0
-90,-10,1.0,0
90,10,1.0,0
-90,-10,1.0,0
90,10,1.0,0
-90,-10,1.0,0
90,10,1.0,0
-90,-10,1.0,0
90,10,1.0,0
-90,-10,1.0,0
90,10,1.0,0
-90,-10,1.0,0
90,10,1.0,0
-90,-10,1.0,0
90,10,1.0,0
-90,-10,1.0,0
90,10,1.0,0
-90,-10,1.0,0
90,10,1.0,0
-90,-10,1.0,0
90,10,1.0,0
-90,-10,1.0,0
90,10,1.0,0
-90,-10,1.0,0
90,10,1.0,0
-90,-10,1.0,0
90,10,1.0,0
-90,-10,1.0,0
90,10,1.0,0
-90,-10,1.0,0
90,10,1.0,0
-90,-10,1.0,0
90,10,1.0,0
-90,-10,1.0,0
90,10,1.0,0
-90,-10,1.0,0
90,10,1.0,0
-90,-10,1.0,0
90,10,1.0,0
-90,-10,1.0,0
90,10,1.0,0
-90,-10,1.0,0
90,10,1.0,0
-90,-10,1.0,0
90,10,1.0,0
-90,-10,1.0,0
90,10,1.0,0
-90,-10,1.0,0
90,10,1.0,0
-90,-10,1.0,0
90,10,1.0,0
-90,-10,1.0,0
90,10,1.0,0
-90,-10,1.0,0
90,10,1.0,0
-90,-10,1.0,0
90,10,1.0,0
-90,-10,1.0,0
90,10,1.0,0
-90,-10,1.0,0
90,10,1.0,0
-90,-10,1.0,0
90,10,1.0,0
-90,-10,1.0,0
90,10,1.0,0
-90,-10,1.0,0
90,10,1.0,0
-90,-10,1.0,0
90,10,1.0,0
-90,-10,1.0,0
90,10,1.0,0
-90,-10,1.0,0
90,10,1.0,0
-90,-10,1.0,0
90,10,1.0,0
-90,-10,1.0,0
90,10,1.0,0
-90,-10,1.0,0
90,10,1.0,0
-90,-10,1.0,0
90,10,1.0,0
-90,-10,1.0,0
90,10,1.0,0
-90,-10,1.0,0
90,10,1.0,0
-90,-10,1.0,0
90,10,1.0,0
-90,-10,1.0,0
90,10,1.0,0
-90,-10,1.0,0
90,10,1.0,0
-90,-10,1.0,0
90,10,1.0,0
-90,-10,1.0,0
90,10,1.0,0
-90,-10,1.0,0
90,10,1.0,0
-90,-10,1.0,0
90,10,1.0,0
-90,-10,1.0,0
90,10,1.0,0
-90,-10,1.0,0
90,10,1.0,0
-90,-10,1.0,0
90,10,1.0,0
-90,-10,1.0,0
90,10,1.0,0
-90,-10,1.0,0
90,10,1.0,0
-90,-10,1.0,0
90,10,1.0,0
-90,-10,1.0,0
90,10,1.0,0
-90,-10,1.0,0
90,10,1.0,0
-90,-10,1.0,0
90,10,1.0,0
-90,-10,1.0,0
90,10,1.0,0
-90,-10,1.0,0
90,10,1.0,0
-90,-10,1.0,0
90,10,1.0,0
-90,-10,1.0,0
90,10,1.0,0
-90,-10,1.0,0
90,10,1.0,0
-90,-10,1.0,0
90,10,1.0,0
-90,-10,1.0,0
90,10,1.0,0
-90,-10,1.0,0
90,10,1.0,0
-90,-10,1.0,0
90,10,1.0,0
-90,-10,1.0,0
90,10,1.0,0
-90,-10,1.0,0
90,10,1.0,0
-90,-10,1.0,0
90,10,1.0,0
-90,-10,1.0,0
90,10,1.0,0
-90,-10,1.0,0
90,10,1.0,0
-90,-10,1.0,0
90,10,1.0,0
-90,-10,1.0,0
90,10,1.0,0
-90,-10,1.0,0
90,10,1.0,0
-90,-10,1.0,0
90,10,1.0,0
-90,-10,1.0,0
90,10,1.0,0
-90,-10,1.0,0
90,10,1.0,0
-90,-10,1.0,0
90,10,1.0,0
-90,-10,1.0,0
90,10,1.0,0
-90,-10,1.0,0
90,10,1.0,0
-90,-10,1.0,0
90,10,1.0,0
-90,-10,1.0,0
90,10,1.0,0
-90,-10,1.0,0
90,10,1.0,0
-90,-10,1.0,0
90,10,1.0,0
-90,-10,1.0,0
90,10,1.0,0
-90,-10,1.0,0
90,10,1.0,0
-90,-10,1.0,0
90,10,1.0,0
-90,-10,1.0,0
90,10,1.0,0
-90,-10,1.0,0
90,10,1.0,0
-90,-10,1.0,0
90,10,1.0,0
-90,-10,1.0,0
90,10,1.0,0
-90,-10,1.0,0
90,10,1.0,0
-90,-10,1.0,0
90,10,1.0,0
-90,-10,1.0,0
90,10,1.0,0
-90,-10,1.0,0
90,10,1.0,0
-90,-10,1.0,0
90,10,1.0,0
-90,-10,1.0,0
90,10,1.0,0
-90,-10,1.0,0
90,10,1.0,0
-90,-10,1.0,0
90,10,1.0,0
-90,-10,1.0,0
90,10,1.0,0
-90,-10,1.0,0
90,10,1.0,0
-90,-10,1.0,0
90,10,1.0,0
-90,-10,1.0,0
90,10,1.0,0
-90,-10,1.0,0
90,10,1.0,0
-90,-10,1.0,0
90,10,1.0,0
-90,-10,1.0,0
90,10,1.0,0
-90,-10,1.0,0
90,10,1.0,0
-90,-10,1.0,0
90,10,1.0,0
-90,-10,1.0,0
90,10,1.0,0
-90,-10,1.0,0
90,10,1.0,0
-90,-10,1.0,0
90,10,1.0,0
-90,-10,1.0,0
90,10,1.0,0
-90,-10,1.0,0
90,10,1.0,0
-90,-10,1.0,0
90,10,1.0,0
-90,-10,1.0,0
90,10,1.0,0
-90,-10,1.0,0
90,10,1.0,0
-90,-10,1.0,0
90,10,1.0,0
-90,-10,1.0,0
90,10,1.0,0
-90,-10,1.0,0
90,10,1.0,0
-90,-10,1.0,0
90,10,1.0,0
-90,-10,1.0,0
90,10,1.0,0
-90,-10,1.0,0
90,10,1.0,0
-90,-10,1.0,0
90,10,1.0,0
-90,-10,1.0,0
90,10,1.0,0
-90,-10,1.0,0
90,10,1.0,0
-90,-10,1.0,0
90,10,1.0,0
-90,-10,1.0,0
90,10,1.0,0
-90,-10,1.0,0
90,10,1.0,0
-90,-10,1.0,0
90,10,1.0,0
-90,-10,1.0,0
90,10,1.0,0
-90,-10,1.0,0
90,10,1.0,0
-90,-10,1.0,0
90,10,1.0,0
-90,-10,1.0,0
90,10,1.0,0
-90,-10,1.0,0
90,10,1.0,0
-90,-10,1.0,0
90,10,1.0,0
-90,-10,1.0,0
90,10,1.0,0
-90,-10,1.0,0
90,10,1.0,0
-90,-10,1.0,0
90,10,1.0,0
-90,-10,1.0,0
90,10,1.0,0
-90,-10,1.0,0
90,10,1.0,0
-90,-10,1.0,0
90,10,1.0,0
-90,-10,1.0,0
90,10,1.0,0
-90,-10,1.0,0
90,10,1.0,0
-90,-10,1.0,0
90,10,1.0,0
-90,-10,1.0,0
90,10,1.0,0
-90,-10,1.0,0
90,10,1.0,0
-90,-10,1.0,0
90,10,1.0,0
-90,-10,1.0,0
90,10,1.0,0
-90,-10,1.0,0
90,10,1.0,0
-90,-10,1.0,0
90,10,1.0,0
-90,-10,1.0,0
90,10,1.0,0
-90,-10,1.0,0
90,10,1.0,0
-90,-10,1.0,0
90,10,1.0,0
-90,-10,1.0,0
90,10,1.0,0
-90,-10,1.0,0
90,10,1.0,0
-90,-10,1.0,0
90,10,1.0,0
-90,-10,1.0,0
90,10,1.0,0
-90,-10,1.0,0
90,10,1.0,0
-90,-10,1.0,0
90,10,1.0,0
-90,-10,1.0,0
90,10,1.0,0
-90,-10,1.0,0
90,10,1.0,0
-90,-10,1.0,0
90,10,1.0,0
-90,-10,1.0,0
90,10,1.0,0
-90,-10,1.0,0
90,10,1.0,0
-90,-10,1.0,0
90,10,1.0,0
-90,-10,1.0,0
90,10,1.0,0
-90,-10,1.0,0
90,10,1.0,0
-90,-10,1.0,0
90,10,1.0,0
-90,-10,1.0,0
90,10,1.0,0
-90,-10,1.0,0
90,10,1.0,0
-90,-10,1.0,0
90,10,1.0,0
-90,-10,1.0,0
90,10,1.0,0
-90,-10,1.0,0
90,10,1.0,0
-90,-10,1.0,0
90,10,1.0,0
-90,-10,1.0,0
90,10,1.0,0
-90,-10,1.0,0
90,10,1.0,0
-90,-10,1.0,0
90,10,1.0,0
-90,-10,1.0,0
90,10,1.0,0
-90,-10,1.0,0
90,10,1.0,0
-90,-10,1.0,0
90,10,1.0,0
-90,-10,1.0,0
90,10,1.0,0
-90,-10,1.0,0
90,10,1.0,0
-90,-10,1.0,0
90,10,1.0,0
-90,-10,1.0,0
90,10,1.0,0
-90,-10,1.0,0
90,10,1.0,0
-90,-10,1.0,0
90,10,1.0,0
-90,-10,1.0,0
90,10,1.0,0
-90,-10,1.0,0
90,10,1.0,0
-90,-10,1.0,0
90,10,1.0,0
-90,-10,1.0,0
90,10,1.0,0
-90,-10,1.0,0
90,10,1.0,0
-90,-10,1.0,0
90,10,1.0,0
-90,-10,1.0,0
90,10,1.0,0
-90,-10,1.0,0
90,10,1.0,0
-90,-10,1.0,0
90,10,1.0,0
-90,-10,1.0,0
90,10,1.0,0
-90,-10,1.0,0
90,10,1.0,0
-90,-10,1.0,0
90,10,1.0,0
-90,-10,1.0,0
90,10,1.0,0
-90,-10,1.0,0
90,10,1.0,0
-90,-10,1.0,0
90,10,1.0,0
-90,-10,1.0,0
90,10,1.0,0
-90,-10,1.0,0
90,10,1.0,0
-90,-10,1.0,0
90,10,1.0,0
-90,-10,1.0,0
90,10,1.0,0
-90,-10,1.0,0
90,10,1.0,0
-90,-10,1.0,0
90,10,1.0,0
-90,-10,1.0,0
90,10,1.0,0
-90,-10,1.0,0
90,10,1.0,0
-90,-10,1.0,0
90,10,1.0,0
-90,-10,1.0,0
90,10,1.0,0
-90,-10,1.0,0
90,10,1.0,0
-90,-10,1.0,0
90,10,1.0,0
-90,-10,1.0,0
90,10,1.0,0
-90,-10,1.0,0
90,10,1.0,0
-90,-10,1.0,0
90,10,1.0,0
-90,-10,1.0,0
90,10,1.0,0
-90,-10,1.0,0
90,10,1.0,0
-90,-10,1.0,0
90,10,1.0,0
-90,-10,1.0,0
90,10,1.0,0
-90,-10,1.0,0
90,10,1.0,0
-90,-10,1.0,0
90,10,1.0,0
-90,-10,1.0,0
90,10,1.0,0
-90,-10,1.0,0
90,10,1.0,0
-90,-10,1.0,0
90,10,1.0,0
-90,-10,1.0,0
90,10,1.0,0
-90,-10,1.0,0
90,10,1.0,0
-90,-10,1.0,0
90,10,1.0,0
-90,-10,1.0,0
90,10,1.0,0
-90,-10,1.0,0
90,10,1.0,0
-90,-10,1.0,0
90,10,1.0,0
-90,-10,1.0,0
90,10,1.0,0
-90,-10,1.0,0
90,10,1.0,0
-90,-10,1.0,0
90,10,1.0,0
-90,-10,1.0,0
90,10,1.0,0
-90,-10,1.0,0
90,10,1.0,0
-90,-10,1.0,0
90,10,1.0,0
-90,-10,1.0,0
90,10,1.0,0
-90,-10,1.0,0
90,10,1.0,0
-90,-10,1.0,0
90,10,1.0,0
-90,-10,1.0,0
90,10,1.0,0
-90,-10,1.0,0
90,10,1.0,0
-90,-10,1.0,0
90,10,1.0,0
-90,-10,1.0,0
90,10,1.0,0
-90,-10,1.0,0
90,10,1.0,0
-90,-10,1.0,0
90,10,1.0,0
-90,-10,1.0,0
90,10,1.0,0
-90,-10,1.0,0
90,10,1.0,0
-90,-10,1.0,0
90,10,1.0,0
-90,-10,1.0,0
90,10,1.0,0
-90,-10,1.0,0
90,10,1.0,0
-90,-10,1.0,0
90,10,1.0,0
-90,-10,1.0,0
90,10,1.0,0
-90,-10,1.0,0
90,10,1.0,0
-90,-10,1.0,0
90,10,1.0,0
-90,-10,1.0,0
90,10,1.0,0
-90,-10,1.0,0
90,10,1.0,0
-90,-10,1.0,0
90,10,1.0,0
-90,-10,1.0,0
90,10,1.0,0
-90,-10,1.0,0
90,10,1.0,0
-90,-10,1.0,0
90,10,1.0,0
-90,-10,1.0,0
90,10,1.0,0
-90,-10,1.0,0
90,10,1.0,0
-90,-10,1.0,0
90,10,1.0,0
-90,-10,1.0,0
90,10,1.0,0
-90,-10,1.0,0
90,10,1.0,0
-90,-10,1.0,0
90,10,1.0,0
-90,-10,1.0,0
90,10,1.0,0
-90,-10,1.0,0
90,10,1.0,0
-90,-10,1.0,0
90,10,1.0,0
-90,-10,1.0,0
90,10,1.0,0
-90,-10,1.0,0
29,28,0.07142857142857142,1
-28,-28,1.0,1
65,65,0.03076923076923077,1
-65,-65,1.0,1
101,101,0.019801980198019802,1
-101,-101,1.0,1
138,138,0.014492753623188406,1
-138,-138,1.0,1
298,298,0.006711409395973154,1
-298,-298,1.0,1
500,500,0.004,1
-500,-500,1.0,1
670,670,0.0029850746268656717,1
-670,-670,1.0,1
837,837,0.0023894862604540022,1
-837,-837,1.0,1
1085,1085,0.0018433179723502304,1
-1085,-1085,1.0,1
1258,1258,0.001589825119236884,1
-1258,-1258,1.0,1
1505,1505,0.00132890365448505,1
-1505,-1505,1.0,1
1675,1675,0.0011940298507462687,1
-1675,-1675,1.0,1
1923,1923,0.0010400416016640667,1
-1923,-1923,1.0,1
2091,2091,0.0009564801530368245,1
-2091,-2091,1.0,1
2339,2339,0.0008550662676357417,1
-2339,-2339,1.0,1
2574,2574,0.000777000777000777,1
-2574,-2574,1.0,1
2674,2674,0.0007479431563201197,1
-2674,-2674,1.0,1
2838,2838,0.0007047216349541931,1
-2838,-2838,1.0,1
3041,3041,0.0006576783952647156,1
-3041,-3041,1.0,1
3271,3271,0.0006114338122898196,1
-3271,-3271,1.0,1
3455,3455,0.0005788712011577424,1
-3455,-3455,1.0,1
3703,3703,0.0005401026194977045,1
-3703,-3703,1.0,1
3747,3747,0.0005337603416066186,1
-3747,-3747,1.0,1
3783,3783,0.000528680941052075,1
-3783,-3783,1.0,1
3820,3820,0.0005235602094240838,1
-3820,-3820,1.0,1
3925,3925,0.0005095541401273885,1
-3925,-3925,1.0,1
4096,4096,0.00048828125,1
-4096,-4096,1.0,1
4267,4267,0.00046871338176704945,1
-4267,-4267,1.0,1
4505,4505,0.0004439511653718091,1
-4505,-4505,1.0,1
4686,4686,0.0004268032437046522,1
-4686,-4686,1.0,1
4866,4866,0.0004110152075626798,1
-4866,-4866,1.0,1
5106,5106,0.0003916960438699569,1
-5106,-5106,1.0,1
5275,5275,0.0003791469194312796,1
-5275,-5275,1.0,1
5523,5523,0.0003621220351258374,1
-5523,-5523,1.0,1
5733,5733,0.00034885749171463456,1
-5733,-5733,1.0,1
5940,5940,0.0003367003367003367,1
-5940,-5940,1.0,1
6185,6185,0.00032336297493936947,1
-6185,-6185,1.0,1
6356,6356,0.00031466331025802394,1
-6356,-6356,1.0,1
6604,6604,0.0003028467595396729,1
-6604,-6604,1.0,1
6774,6774,0.0002952465308532625,1
-6774,-6774,1.0,1
7022,7022,0.0002848191398461977,1
-7022,-7022,1.0,1
7189,7189,0.00027820280984837946,1
-7189,-7189,1.0,1
7437,7437,0.0002689256420599704,1
-7437,-7437,1.0,1
7550,7550,0.00026490066225165563,1
-7550,-7550,1.0,1
7586,7586,0.0002636435539151068,1
-7586,-7586,1.0,1
7623,7623,0.0002623638987275351,1
-7623,-7623,1.0,1
7664,7664,0.00026096033402922753,1
-7664,-7664,1.0,1
7831,7831,0.00025539522410930913,1
-7831,-7831,1.0,1
8026,8026,0.00024919013207077,1
-8026,-8026,1.0,1
8249,8249,0.0002424536307431204,1
-8249,-8249,1.0,1
8420,8420,0.00023752969121140142,1
-8420,-8420,1.0,1
8658,8658,0.000231000231000231,1
-8658,-8658,1.0,1
8840,8840,0.00022624434389140272,1
-8840,-8840,1.0,1
9065,9065,0.0002206287920573635,1
-9065,-9065,1.0,1
9259,9259,0.00021600604816934875,1
-9259,-9259,1.0,1
9507,9507,0.00021037130535394972,1
-9507,-9507,1.0,1
9676,9676,0.00020669698222405952,1
-9676,-9676,1.0,1
9872,9872,0.0002025931928687196,1
-9872,-9872,1.0,1
10041,10041,0.00019918334827208445,1
-10041,-10041,1.0,1
10290,10290,0.00019436345966958212,1
-10290,-10290,1.0,1
10414,10414,0.00019204916458613405,1
-10414,-10414,1.0,1
10662,10662,0.00018758206715438003,1
-10662,-10662,1.0,1
10827,10827,0.00018472337674332686,1
-10827,-10827,1.0,1
11074,11074,0.00018060321473722233,1
-11074,-11074,1.0,1
11229,11229,0.00017811025024490158,1
-11229,-11229,1.0,1
11266,11266,0.00017752529735487306,1
-11266,-11266,1.0,1
11303,11303,0.00017694417411306734,1
-11303,-11303,1.0,1
11339,11339,0.00017638239703677574,1
-11339,-11339,1.0,1
11484,11484,0.00017415534656913968,1
-11484,-11484,1.0,1
11696,11696,0.0001709986320109439,1
-11696,-11696,1.0,1
11890,11890,0.0001682085786375105,1
-11890,-11890,1.0,1
12058,12058,0.0001658649859014762,1
-12058,-12058,1.0,1
12306,12306,0.00016252234682268812,1
-12306,-12306,1.0,1
12479,12479,0.0001602692523439378,1
-12479,-12479,1.0,1
12565,12565,0.00015917230401910068,1
-12565,-12565,1.0,1
12751,12751,0.00015685044310250176,1
-12751,-12751,1.0,1
12999,12999,0.00015385798907608278,1
-12999,-12999,1.0,1
13101,13101,0.00015266010228226853,1
-13101,-13101,1.0,1
13348,13348,0.00014983518130056938,1
-13348,-13348,1.0,1
13517,13517,0.00014796182584893096,1
-13517,-13517,1.0,1
13764,13764,0.00014530659691950015,1
-13764,-13764,1.0,1
0,0,1.0,1
13772,13772,0.00014522218995062446,1
358,358,0.00014154281670205238,1
-14130,-14130,1.0,1
0,0,1.0,1
14190,14190,0.00014094432699083862,1
-14190,-14190,1.0,1
14359,14359,0.00013928546556166865,1
-14359,-14359,1.0,1
14626,14626,0.00013674278681799536,1
-14626,-14626,1.0,1
14754,14754,0.00013555645926528398,1
-14754,-14754,1.0,1
14796,14796,0.00013517166801838335,1
-14796,-14796,1.0,1
14837,14837,0.00013479813978567096,1
-14837,-14837,1.0,1
14984,14984,0.00013347570742124932,1
-14984,-14984,1.0,1
15197,15197,0.0001316049220240837,1
-15197,-15197,1.0,1
15409,15409,0.0001297942760724252,1
-15409,-15409,1.0,1
15637,15637,0.00012790177143953444,1
-1799,-1799,0.00014452955629426219,1
-11867,-11867,0.0,1
13838,13838,0.00012651021569991776,1
-15809,-15809,1.0,1
15809,15809,0.00012651021569991776,1
-15809,-15809,1.0,1
15809,15809,0.00012651021569991776,1
-15809,-15809,1.0,1
15809,15809,0.00012651021569991776,1
-15809,-15809,1.0,1
0,0,1.0,1
15809,15809,0.00012651021569991776,1
-15809,-15809,1.0,1
15830,15830,0.00012634238787113077,1
-15830,-15830,1.0,1
15877,15877,0.00012596838193613404,1
-15877,-15877,1.0,1
15926,15926,0.0001255808112520407,1
-15926,-15926,1.0,1
16064,16064,0.0001245019920318725,1
-16064,-16064,1.0,1
16266,16266,0.00012295585884667404,1
-16266,-16266,1.0,1
16318,16318,0.00012256403971074888,1
-16318,-16318,1.0,1
16368,16368,0.00012218963831867058,1
-16368,-16368,1.0,1
16568,16568,0.00012071463061323032,1
-16568,-16568,1.0,1
16851,16851,0.00011868731826004391,1
-16851,-16851,1.0,1
17138,17138,0.00011669973159061734,1
-17138,-17138,1.0,1
17428,17428,0.00011475786091347258,1
-17428,-17428,1.0,1
17737,17737,0.00011275864013080002,1
-17737,-17737,1.0,1
18137,18137,0.0001102718200363897,1
-18137,-18137,1.0,1
18477,18477,0.000108242680088759,1
-18477,-18477,1.0,1
18857,18857,0.000106061409556133,1
-18857,-18857,1.0,1
19234,19234,0.00010398253093480295,1
-19234,-19234,1.0,1
19620,19620,0.00010193679918450561,1
-19620,-19620,1.0,1
19969,19969,0.0001001552406229656,1
-19969,-19969,1.0,1
20048,20048,9.976057462090982e-05,1
-20048,-20048,1.0,1
20378,20378,9.814505839630975e-05,1
-20378,-20378,1.0,1
20769,20769,9.62973662670326e-05,1
-20769,-20769,1.0,1
21229,21229,9.421074944651184e-05,1
-21229,-21229,1.0,1
21754,21754,9.193711501333089e-05,1
-21754,-21754,1.0,1
22253,22253,8.987552240147396e-05,1
-22253,-22253,1.0,1
22593,22593,8.852299384765193e-05,1
-22593,-22593,1.0,1
23238,23238,8.606592649969878e-05,1
-23238,-23238,1.0,1
23375,23375,8.556149732620321e-05,1
-23375,-23375,1.0,1
23859,23859,8.382580996688881e-05,1
636,636,8.164931618697693e-05,1
-24495,-24495,1.0,1
25212,25212,7.932730445819452e-05,1
739,739,7.706832106662556e-05,1
-25951,-25951,1.0,1
25951,25951,7.706832106662556e-05,1
-25951,-25951,1.0,1
25951,25951,7.706832106662556e-05,1
-25951,-25951,1.0,1
25951,25951,7.706832106662556e-05,1
-25951,-25951,1.0,1
25951,25951,7.706832106662556e-05,1
-25951,-25951,1.0,1
25951,25951,7.706832106662556e-05,1
-25951,-25951,1.0,1
25951,25951,7.706832106662556e-05,1
-25951,-25951,1.0,1
25951,25951,7.706832106662556e-05,1
-25951,-25951,1.0,1
25951,25951,7.706832106662556e-05,1
-25951,-25951,1.0,1
25951,25951,7.706832106662556e-05,1
-25951,-25951,1.0,1
25951,25951,7.706832106662556e-05,1
-25951,-25951,1.0,1
25951,25951,7.706832106662556e-05,1
-25951,-25951,1.0,1
25951,25951,7.706832106662556e-05,1
-25951,-25951,1.0,1
25951,25951,7.706832106662556e-05,1
-25951,-25951,1.0,1
25951,25951,7.706832106662556e-05,1
-25951,-25951,1.0,1
25951,25951,7.706832106662556e-05,1
-25951,-25951,1.0,1
25951,25951,7.706832106662556e-05,1
-25951,-25951,1.0,1
25951,25951,7.706832106662556e-05,1
-25951,-25951,1.0,1
25951,25951,7.706832106662556e-05,1
-25951,-25951,1.0,1
25951,25951,7.706832106662556e-05,1
-25951,-25951,1.0,1
25951,25951,7.706832106662556e-05,1
-25951,-25951,1.0,1
25951,25951,7.706832106662556e-05,1
-25951,-25951,1.0,1
25951,25951,7.706832106662556e-05,1
-25951,-25951,1.0,1
25951,25951,7.706832106662556e-05,1
-25951,-25951,1.0,1
25951,25951,7.706832106662556e-05,1
-25951,-25951,1.0,1
25951,25951,7.706832106662556e-05,1
-25951,-25951,1.0,1
25951,25951,7.706832106662556e-05,1
-25951,-25951,1.0,1
25951,25951,7.706832106662556e-05,1
-25951,-25951,1.0,1
25951,25951,7.706832106662556e-05,1
-25951,-25951,1.0,1
25951,25951,7.706832106662556e-05,1
-25951,-25951,1.0,1
25951,25951,7.706832106662556e-05,1
-25951,-25951,1.0,1
25951,25951,7.706832106662556e-05,1
-25951,-25951,1.0,1
25951,25951,7.706832106662556e-05,1
-25951,-25951,1.0,1
25951,25951,7.706832106662556e-05,1
-25951,-25951,1.0,1
25951,25951,7.706832106662556e-05,1
-25951,-25951,1.0,1
25951,25951,7.706832106662556e-05,1
-25951,-25951,1.0,1
25951,25951,7.706832106662556e-05,1
-25951,-25951,1.0,1
