time,flowcount
"04/02/2022, 15:16:27",1
"04/02/2022, 15:16:30",1
"04/02/2022, 15:16:33",1
"04/02/2022, 15:16:36",1
"04/02/2022, 15:16:39",1
"04/02/2022, 15:16:42",1
"04/02/2022, 15:16:45",1
"04/02/2022, 15:16:48",1
"04/02/2022, 15:16:51",1
"04/02/2022, 15:16:54",1
"04/02/2022, 15:16:57",1
"04/02/2022, 15:17:00",1
"04/02/2022, 15:17:03",1
"04/02/2022, 15:17:06",1
"04/02/2022, 15:17:09",1
"04/02/2022, 15:17:12",1
"04/02/2022, 15:17:15",1
"04/02/2022, 15:17:18",1
"04/02/2022, 15:17:21",1
"04/02/2022, 15:17:24",1
"04/02/2022, 15:17:27",1
"04/02/2022, 15:17:30",1
"04/02/2022, 15:17:33",1
"04/02/2022, 15:17:36",1
"04/02/2022, 15:17:39",1
"04/02/2022, 15:17:42",1
"04/02/2022, 15:17:45",1
"04/02/2022, 15:17:48",1
"04/02/2022, 15:17:51",1
"04/02/2022, 15:17:54",1
"04/02/2022, 15:17:57",1
"04/02/2022, 15:18:00",1
"04/02/2022, 15:18:03",1
"04/02/2022, 15:18:06",1
"04/02/2022, 15:18:09",1
"04/02/2022, 15:18:12",1
"04/02/2022, 15:18:15",1
"04/02/2022, 15:18:18",1
"04/02/2022, 15:18:21",1
"04/02/2022, 15:18:24",1
"04/02/2022, 15:18:27",1
"04/02/2022, 15:18:30",1
"04/02/2022, 15:18:33",1
"04/02/2022, 15:18:36",1
"04/02/2022, 15:18:39",1
"04/02/2022, 15:18:42",1
"04/02/2022, 15:18:45",1
"04/02/2022, 15:18:48",1
"04/02/2022, 15:18:51",1
"04/02/2022, 15:18:54",1
"04/02/2022, 15:18:57",1
"04/02/2022, 15:19:00",1
"04/02/2022, 15:19:03",1
"04/02/2022, 15:19:06",1
"04/02/2022, 15:19:09",1
"04/02/2022, 15:19:12",1
"04/02/2022, 15:19:15",1
"04/02/2022, 15:19:18",1
"04/02/2022, 15:19:21",1
"04/02/2022, 15:19:24",1
"04/02/2022, 15:19:27",1
"04/02/2022, 15:19:30",1
"04/02/2022, 15:19:33",1
"04/02/2022, 15:19:36",1
"04/02/2022, 15:19:39",1
"04/02/2022, 15:19:42",1
"04/02/2022, 15:19:45",1
"04/02/2022, 15:19:48",1
"04/02/2022, 15:19:51",1
"04/02/2022, 15:19:54",1
"04/02/2022, 15:19:57",1
"04/02/2022, 15:20:00",1
"04/02/2022, 15:20:03",1
"04/02/2022, 15:20:06",1
"04/02/2022, 15:20:09",1
"04/02/2022, 15:20:12",1
"04/02/2022, 15:20:15",1
"04/02/2022, 15:20:18",1
"04/02/2022, 15:20:21",1
"04/02/2022, 15:20:24",1
"04/02/2022, 15:20:27",1
"04/02/2022, 15:20:30",1
"04/02/2022, 15:20:33",1
"04/02/2022, 15:20:36",1
"04/02/2022, 15:20:39",1
"04/02/2022, 15:20:42",1
"04/02/2022, 15:20:45",1
"04/02/2022, 15:20:48",1
"04/02/2022, 15:20:51",1
"04/02/2022, 15:20:54",1
"04/02/2022, 15:20:57",1
"04/02/2022, 15:21:00",1
"04/02/2022, 15:21:03",1
"04/02/2022, 15:21:06",1
"04/02/2022, 15:21:09",1
"04/02/2022, 15:21:12",1
"04/02/2022, 15:21:15",1
"04/02/2022, 15:21:18",1
"04/02/2022, 15:21:21",1
"04/02/2022, 15:21:24",1
"04/02/2022, 15:21:27",1
time,flowcount
"04/02/2022, 15:22:24",1
"04/02/2022, 15:22:27",1
"04/02/2022, 15:22:30",1
"04/02/2022, 15:22:33",1
"04/02/2022, 15:22:36",1
"04/02/2022, 15:22:39",1
"04/02/2022, 15:22:42",1
"04/02/2022, 15:22:45",1
"04/02/2022, 15:22:48",1
"04/02/2022, 15:22:51",1
"04/02/2022, 15:22:54",1
"04/02/2022, 15:22:57",1
"04/02/2022, 15:23:00",1
"04/02/2022, 15:23:03",1
"04/02/2022, 15:23:06",1
"04/02/2022, 15:23:09",1
"04/02/2022, 15:23:12",1
"04/02/2022, 15:23:15",1
"04/02/2022, 15:23:18",1
"04/02/2022, 15:23:21",1
"04/02/2022, 15:23:24",1
"04/02/2022, 15:23:27",1
"04/02/2022, 15:23:30",1
"04/02/2022, 15:23:33",1
"04/02/2022, 15:23:36",1
"04/02/2022, 15:23:39",1
"04/02/2022, 15:23:42",1
"04/02/2022, 15:23:45",1
"04/02/2022, 15:23:48",1
"04/02/2022, 15:23:51",1
"04/02/2022, 15:23:54",1
"04/02/2022, 15:23:57",1
"04/02/2022, 15:24:00",1
"04/02/2022, 15:24:03",1
"04/02/2022, 15:24:06",1
"04/02/2022, 15:24:09",1
"04/02/2022, 15:24:12",1
"04/02/2022, 15:24:16",1
"04/02/2022, 15:24:19",1
"04/02/2022, 15:24:22",1
"04/02/2022, 15:24:25",1
"04/02/2022, 15:24:28",1
"04/02/2022, 15:24:31",1
"04/02/2022, 15:24:34",1
"04/02/2022, 15:24:37",1
"04/02/2022, 15:24:40",1
"04/02/2022, 15:24:43",1
"04/02/2022, 15:24:46",1
"04/02/2022, 15:24:49",1
"04/02/2022, 15:24:52",1
"04/02/2022, 15:24:55",1
"04/02/2022, 15:24:58",1
"04/02/2022, 15:25:01",1
"04/02/2022, 15:25:04",1
"04/02/2022, 15:25:07",1
"04/02/2022, 15:25:10",1
"04/02/2022, 15:25:13",1
"04/02/2022, 15:25:16",1
"04/02/2022, 15:25:19",1
"04/02/2022, 15:25:22",1
"04/02/2022, 15:25:25",1
"04/02/2022, 15:25:28",1
"04/02/2022, 15:25:31",1
"04/02/2022, 15:25:34",1
"04/02/2022, 15:25:37",1
"04/02/2022, 15:25:40",1
"04/02/2022, 15:25:43",1
"04/02/2022, 15:25:46",1
"04/02/2022, 15:25:49",1
"04/02/2022, 15:25:52",1
"04/02/2022, 15:25:55",1
"04/02/2022, 15:25:58",1
"04/02/2022, 15:26:01",1
"04/02/2022, 15:26:04",1
"04/02/2022, 15:26:07",1
"04/02/2022, 15:26:10",1
"04/02/2022, 15:26:13",1
"04/02/2022, 15:26:16",1
"04/02/2022, 15:26:19",1
"04/02/2022, 15:26:22",1
"04/02/2022, 15:26:25",1
"04/02/2022, 15:26:28",1
"04/02/2022, 15:26:32",1
"04/02/2022, 15:26:35",1
"04/02/2022, 15:26:38",1
"04/02/2022, 15:26:41",1
"04/02/2022, 15:26:44",1
"04/02/2022, 15:26:47",1
"04/02/2022, 15:26:50",1
"04/02/2022, 15:26:53",1
"04/02/2022, 15:26:56",1
"04/02/2022, 15:26:59",1
"04/02/2022, 15:27:02",1
"04/02/2022, 15:27:05",1
"04/02/2022, 15:27:08",1
"04/02/2022, 15:27:11",1
"04/02/2022, 15:27:14",1
"04/02/2022, 15:27:18",1
"04/02/2022, 15:27:18",1
"04/02/2022, 15:27:21",1
time,flowcount
"04/02/2022, 15:28:26",1
"04/02/2022, 15:28:29",1
"04/02/2022, 15:28:32",1
"04/02/2022, 15:28:35",1
"04/02/2022, 15:28:38",1
"04/02/2022, 15:28:41",1
"04/02/2022, 15:28:44",1
"04/02/2022, 15:28:47",1
"04/02/2022, 15:28:50",1
"04/02/2022, 15:28:53",1
"04/02/2022, 15:28:56",1
"04/02/2022, 15:28:59",1
"04/02/2022, 15:29:02",1
"04/02/2022, 15:29:05",1
"04/02/2022, 15:29:08",1
"04/02/2022, 15:29:11",1
"04/02/2022, 15:29:14",1
"04/02/2022, 15:29:17",1
"04/02/2022, 15:29:20",1
"04/02/2022, 15:29:23",1
"04/02/2022, 15:29:26",1
"04/02/2022, 15:29:29",1
"04/02/2022, 15:29:32",1
"04/02/2022, 15:29:35",1
"04/02/2022, 15:29:38",1
"04/02/2022, 15:29:41",1
"04/02/2022, 15:29:44",1
"04/02/2022, 15:29:47",1
"04/02/2022, 15:29:50",1
"04/02/2022, 15:29:53",1
"04/02/2022, 15:29:56",1
"04/02/2022, 15:29:59",1
"04/02/2022, 15:30:02",1
"04/02/2022, 15:30:05",1
"04/02/2022, 15:30:08",1
"04/02/2022, 15:30:11",1
"04/02/2022, 15:30:14",1
"04/02/2022, 15:30:17",1
"04/02/2022, 15:30:20",1
"04/02/2022, 15:30:23",1
"04/02/2022, 15:30:26",1
"04/02/2022, 15:30:29",1
"04/02/2022, 15:30:32",1
"04/02/2022, 15:30:35",1
"04/02/2022, 15:30:38",1
"04/02/2022, 15:30:41",1
"04/02/2022, 15:30:44",1
"04/02/2022, 15:30:47",1
"04/02/2022, 15:30:50",1
"04/02/2022, 15:30:53",1
"04/02/2022, 15:30:56",1
"04/02/2022, 15:30:59",1
"04/02/2022, 15:31:02",1
"04/02/2022, 15:31:05",1
"04/02/2022, 15:31:08",1
"04/02/2022, 15:31:11",1
"04/02/2022, 15:31:14",1
"04/02/2022, 15:31:17",1
"04/02/2022, 15:31:20",1
"04/02/2022, 15:31:23",1
"04/02/2022, 15:31:26",1
"04/02/2022, 15:31:29",1
"04/02/2022, 15:31:32",1
"04/02/2022, 15:31:35",1
"04/02/2022, 15:31:38",1
"04/02/2022, 15:31:41",1
"04/02/2022, 15:31:44",1
"04/02/2022, 15:31:47",1
"04/02/2022, 15:31:50",1
"04/02/2022, 15:31:53",1
"04/02/2022, 15:31:56",1
"04/02/2022, 15:31:59",1
"04/02/2022, 15:32:02",1
"04/02/2022, 15:32:05",1
"04/02/2022, 15:32:08",1
"04/02/2022, 15:32:11",1
"04/02/2022, 15:32:14",1
"04/02/2022, 15:32:17",1
"04/02/2022, 15:32:20",1
"04/02/2022, 15:32:23",1
"04/02/2022, 15:32:26",1
"04/02/2022, 15:32:29",1
"04/02/2022, 15:32:32",1
"04/02/2022, 15:32:35",1
"04/02/2022, 15:32:38",1
"04/02/2022, 15:32:41",1
"04/02/2022, 15:32:44",1
"04/02/2022, 15:32:47",1
"04/02/2022, 15:32:50",1
"04/02/2022, 15:32:53",1
"04/02/2022, 15:32:56",1
"04/02/2022, 15:32:59",1
"04/02/2022, 15:33:02",1
"04/02/2022, 15:33:05",1
"04/02/2022, 15:33:08",1
"04/02/2022, 15:33:11",1
"04/02/2022, 15:33:14",1
"04/02/2022, 15:33:17",1
"04/02/2022, 15:33:20",1
"04/02/2022, 15:33:23",1
"04/02/2022, 15:33:26",1
time,flowcount
"04/02/2022, 15:34:43",1
"04/02/2022, 15:34:46",1
"04/02/2022, 15:34:49",1
"04/02/2022, 15:34:52",1
"04/02/2022, 15:34:55",1
"04/02/2022, 15:34:58",1
"04/02/2022, 15:35:01",1
"04/02/2022, 15:35:04",1
"04/02/2022, 15:35:07",1
"04/02/2022, 15:35:10",1
"04/02/2022, 15:35:13",1
"04/02/2022, 15:35:16",1
"04/02/2022, 15:35:19",1
"04/02/2022, 15:35:22",1
"04/02/2022, 15:35:25",1
"04/02/2022, 15:35:28",1
"04/02/2022, 15:35:31",1
"04/02/2022, 15:35:34",1
"04/02/2022, 15:35:37",1
"04/02/2022, 15:35:40",1
"04/02/2022, 15:35:43",1
"04/02/2022, 15:35:46",1
"04/02/2022, 15:35:49",1
"04/02/2022, 15:35:52",1
"04/02/2022, 15:35:55",1
"04/02/2022, 15:35:58",1
"04/02/2022, 15:36:01",1
"04/02/2022, 15:36:04",1
"04/02/2022, 15:36:07",1
"04/02/2022, 15:36:10",1
"04/02/2022, 15:36:13",1
"04/02/2022, 15:36:16",1
"04/02/2022, 15:36:19",1
"04/02/2022, 15:36:22",1
"04/02/2022, 15:36:25",1
"04/02/2022, 15:36:28",1
"04/02/2022, 15:36:31",1
"04/02/2022, 15:36:34",1
"04/02/2022, 15:36:37",1
"04/02/2022, 15:36:40",1
"04/02/2022, 15:36:43",1
"04/02/2022, 15:36:46",1
"04/02/2022, 15:36:49",1
"04/02/2022, 15:36:52",1
"04/02/2022, 15:36:55",1
"04/02/2022, 15:36:58",1
"04/02/2022, 15:37:01",1
"04/02/2022, 15:37:04",1
"04/02/2022, 15:37:07",1
"04/02/2022, 15:37:10",1
"04/02/2022, 15:37:13",1
"04/02/2022, 15:37:16",1
"04/02/2022, 15:37:19",1
"04/02/2022, 15:37:22",1
"04/02/2022, 15:37:25",1
"04/02/2022, 15:37:28",1
"04/02/2022, 15:37:31",1
"04/02/2022, 15:37:34",1
"04/02/2022, 15:37:37",1
"04/02/2022, 15:37:40",1
"04/02/2022, 15:37:43",1
"04/02/2022, 15:37:46",1
"04/02/2022, 15:37:49",1
"04/02/2022, 15:37:52",1
"04/02/2022, 15:37:55",1
"04/02/2022, 15:37:58",1
"04/02/2022, 15:38:01",1
"04/02/2022, 15:38:04",1
"04/02/2022, 15:38:07",1
"04/02/2022, 15:38:10",1
"04/02/2022, 15:38:13",1
"04/02/2022, 15:38:16",1
"04/02/2022, 15:38:19",1
"04/02/2022, 15:38:22",1
"04/02/2022, 15:38:25",1
"04/02/2022, 15:38:28",1
"04/02/2022, 15:38:31",1
"04/02/2022, 15:38:34",1
"04/02/2022, 15:38:37",1
"04/02/2022, 15:38:40",1
"04/02/2022, 15:38:43",1
"04/02/2022, 15:38:46",1
"04/02/2022, 15:38:49",1
"04/02/2022, 15:38:52",1
"04/02/2022, 15:38:55",1
"04/02/2022, 15:38:58",1
"04/02/2022, 15:39:01",1
"04/02/2022, 15:39:04",1
"04/02/2022, 15:39:07",1
"04/02/2022, 15:39:10",1
"04/02/2022, 15:39:13",1
"04/02/2022, 15:39:16",1
"04/02/2022, 15:39:19",1
"04/02/2022, 15:39:22",1
"04/02/2022, 15:39:25",1
"04/02/2022, 15:39:28",1
"04/02/2022, 15:39:31",1
"04/02/2022, 15:39:34",1
"04/02/2022, 15:39:37",1
"04/02/2022, 15:39:40",1
time,flowcount
"04/04/2022, 22:57:02",1
"04/04/2022, 22:57:05",1
"04/04/2022, 22:57:08",1
"04/04/2022, 22:57:11",1
"04/04/2022, 22:57:14",1
"04/04/2022, 22:57:17",1
"04/04/2022, 22:57:20",1
"04/04/2022, 22:57:23",1
"04/04/2022, 22:57:26",1
"04/04/2022, 22:57:29",1
time,flowcount
"05/10/2022, 23:18:46",1
"05/10/2022, 23:18:49",1
"05/10/2022, 23:18:52",1
"05/10/2022, 23:18:55",1
"05/10/2022, 23:18:58",1
"05/10/2022, 23:19:01",1
"05/10/2022, 23:19:04",1
"05/10/2022, 23:19:07",1
"05/10/2022, 23:19:10",1
"05/10/2022, 23:19:13",1
"05/10/2022, 23:19:16",1
"05/10/2022, 23:19:19",1
"05/10/2022, 23:19:22",1
"05/10/2022, 23:19:25",1
"05/10/2022, 23:19:28",1
"05/10/2022, 23:19:31",1
"05/10/2022, 23:19:34",1
"05/10/2022, 23:19:37",1
"05/10/2022, 23:19:40",1
"05/10/2022, 23:19:43",1
"05/10/2022, 23:19:46",1
"05/10/2022, 23:19:49",1
"05/10/2022, 23:19:52",1
"05/10/2022, 23:19:55",1
"05/10/2022, 23:19:58",1
"05/10/2022, 23:20:01",1
"05/10/2022, 23:20:04",1
"05/10/2022, 23:20:07",1
"05/10/2022, 23:20:10",1
"05/10/2022, 23:20:13",1
"05/10/2022, 23:20:16",1
"05/10/2022, 23:20:19",1
"05/10/2022, 23:20:22",1
"05/10/2022, 23:20:25",1
"05/10/2022, 23:20:28",1
"05/10/2022, 23:20:31",1
"05/10/2022, 23:20:34",1
"05/10/2022, 23:20:37",1
"05/10/2022, 23:20:40",1
"05/10/2022, 23:20:43",1
"05/10/2022, 23:20:46",1
"05/10/2022, 23:20:49",1
"05/10/2022, 23:20:52",1
"05/10/2022, 23:20:55",1
"05/10/2022, 23:20:58",1
"05/10/2022, 23:21:01",1
"05/10/2022, 23:21:04",1
"05/10/2022, 23:21:07",1
"05/10/2022, 23:21:10",1
"05/10/2022, 23:21:13",1
"05/10/2022, 23:21:16",1
"05/10/2022, 23:21:19",1
"05/10/2022, 23:21:22",1
"05/10/2022, 23:21:25",1
"05/10/2022, 23:21:28",1
"05/10/2022, 23:21:31",1
"05/10/2022, 23:21:34",1
"05/10/2022, 23:21:37",1
"05/10/2022, 23:21:40",1
"05/10/2022, 23:21:43",1
"05/10/2022, 23:21:46",1
"05/10/2022, 23:21:49",1
"05/10/2022, 23:21:52",1
"05/10/2022, 23:21:55",1
"05/10/2022, 23:21:58",1
"05/10/2022, 23:22:01",1
"05/10/2022, 23:22:04",1
"05/10/2022, 23:22:07",1
"05/10/2022, 23:22:10",1
"05/10/2022, 23:22:13",1
"05/10/2022, 23:22:16",1
"05/10/2022, 23:22:19",1
"05/10/2022, 23:22:23",1
"05/10/2022, 23:22:26",1
"05/10/2022, 23:22:29",1
"05/10/2022, 23:22:31",1
"05/10/2022, 23:22:35",1
"05/10/2022, 23:22:37",1
"05/10/2022, 23:22:41",1
"05/10/2022, 23:22:44",1
"05/10/2022, 23:22:47",1
"05/10/2022, 23:22:50",1
"05/10/2022, 23:22:53",1
"05/10/2022, 23:22:56",1
"05/10/2022, 23:22:59",1
"05/10/2022, 23:23:02",1
"05/10/2022, 23:23:05",1
"05/10/2022, 23:23:08",1
"05/10/2022, 23:23:11",1
"05/10/2022, 23:23:14",1
"05/10/2022, 23:23:17",1
"05/10/2022, 23:23:20",1
"05/10/2022, 23:23:23",1
"05/10/2022, 23:23:26",1
"05/10/2022, 23:23:29",1
"05/10/2022, 23:23:32",1
"05/10/2022, 23:23:35",1
time,flowcount
"05/10/2022, 23:24:10",1
"05/10/2022, 23:24:13",1
"05/10/2022, 23:24:16",1
"05/10/2022, 23:24:19",1
"05/10/2022, 23:24:22",1
"05/10/2022, 23:24:25",1
"05/10/2022, 23:24:28",1
"05/10/2022, 23:24:31",1
"05/10/2022, 23:24:34",1
"05/10/2022, 23:24:37",1
"05/10/2022, 23:24:40",1
"05/10/2022, 23:24:43",1
"05/10/2022, 23:24:46",1
"05/10/2022, 23:24:49",1
"05/10/2022, 23:24:52",1
"05/10/2022, 23:24:55",1
"05/10/2022, 23:24:58",1
"05/10/2022, 23:25:01",1
"05/10/2022, 23:25:04",1
"05/10/2022, 23:25:07",1
"05/10/2022, 23:25:10",1
"05/10/2022, 23:25:13",1
"05/10/2022, 23:25:16",1
"05/10/2022, 23:25:19",1
"05/10/2022, 23:25:22",1
"05/10/2022, 23:25:25",1
"05/10/2022, 23:25:28",1
"05/10/2022, 23:25:31",1
"05/10/2022, 23:25:34",1
"05/10/2022, 23:25:37",1
"05/10/2022, 23:25:40",1
"05/10/2022, 23:25:43",1
"05/10/2022, 23:25:46",1
"05/10/2022, 23:25:49",1
"05/10/2022, 23:25:52",1
"05/10/2022, 23:25:55",1
"05/10/2022, 23:25:58",1
"05/10/2022, 23:26:01",1
"05/10/2022, 23:26:04",1
"05/10/2022, 23:26:07",1
"05/10/2022, 23:26:10",1
"05/10/2022, 23:26:13",1
"05/10/2022, 23:26:16",1
"05/10/2022, 23:26:19",1
"05/10/2022, 23:26:22",1
"05/10/2022, 23:26:25",1
"05/10/2022, 23:26:28",1
"05/10/2022, 23:26:31",1
"05/10/2022, 23:26:34",1
"05/10/2022, 23:26:37",1
"05/10/2022, 23:26:40",1
"05/10/2022, 23:26:43",1
"05/10/2022, 23:26:46",1
"05/10/2022, 23:26:49",1
"05/10/2022, 23:26:52",1
"05/10/2022, 23:26:55",1
"05/10/2022, 23:26:58",1
"05/10/2022, 23:27:01",1
"05/10/2022, 23:27:04",1
"05/10/2022, 23:27:07",1
"05/10/2022, 23:27:10",1
"05/10/2022, 23:27:13",1
"05/10/2022, 23:27:16",1
"05/10/2022, 23:27:19",1
"05/10/2022, 23:27:22",1
"05/10/2022, 23:27:25",1
"05/10/2022, 23:27:28",1
"05/10/2022, 23:27:31",1
"05/10/2022, 23:27:34",1
"05/10/2022, 23:27:37",1
"05/10/2022, 23:27:40",1
"05/10/2022, 23:27:43",1
"05/10/2022, 23:27:46",1
"05/10/2022, 23:27:49",1
"05/10/2022, 23:27:52",1
"05/10/2022, 23:27:55",1
"05/10/2022, 23:27:58",1
"05/10/2022, 23:28:01",1
"05/10/2022, 23:28:04",1
"05/10/2022, 23:28:07",1
"05/10/2022, 23:28:10",1
"05/10/2022, 23:28:13",1
"05/10/2022, 23:28:16",1
"05/10/2022, 23:28:19",1
"05/10/2022, 23:28:22",1
"05/10/2022, 23:28:25",1
"05/10/2022, 23:28:28",1
"05/10/2022, 23:28:31",1
"05/10/2022, 23:28:34",1
"05/10/2022, 23:28:37",1
"05/10/2022, 23:28:40",1
"05/10/2022, 23:28:43",1
"05/10/2022, 23:28:46",1
"05/10/2022, 23:28:49",1
"05/10/2022, 23:28:52",1
"05/10/2022, 23:28:55",1
"05/10/2022, 23:28:58",1
"05/10/2022, 23:29:01",1
"05/10/2022, 23:29:04",1
time,flowcount
"05/10/2022, 23:31:24",1
"05/10/2022, 23:31:27",1
"05/10/2022, 23:31:30",1
"05/10/2022, 23:31:33",1
"05/10/2022, 23:31:36",1
"05/10/2022, 23:31:39",1
"05/10/2022, 23:31:42",1
"05/10/2022, 23:31:45",1
"05/10/2022, 23:31:48",1
"05/10/2022, 23:31:51",1
"05/10/2022, 23:31:54",1
"05/10/2022, 23:31:57",1
"05/10/2022, 23:32:00",1
"05/10/2022, 23:32:03",1
"05/10/2022, 23:32:06",1
"05/10/2022, 23:32:09",1
"05/10/2022, 23:32:12",1
"05/10/2022, 23:32:15",1
"05/10/2022, 23:32:18",1
"05/10/2022, 23:32:21",1
"05/10/2022, 23:32:24",1
"05/10/2022, 23:32:28",1
"05/10/2022, 23:32:30",1
"05/10/2022, 23:32:33",1
"05/10/2022, 23:32:36",1
"05/10/2022, 23:32:39",1
"05/10/2022, 23:32:42",1
"05/10/2022, 23:32:45",1
"05/10/2022, 23:32:48",1
"05/10/2022, 23:32:51",1
"05/10/2022, 23:32:55",1
"05/10/2022, 23:32:58",1
"05/10/2022, 23:33:01",1
"05/10/2022, 23:33:04",1
"05/10/2022, 23:33:07",1
"05/10/2022, 23:33:10",1
"05/10/2022, 23:33:13",1
"05/10/2022, 23:33:16",1
"05/10/2022, 23:33:19",1
"05/10/2022, 23:33:22",1
"05/10/2022, 23:33:25",1
"05/10/2022, 23:33:28",1
"05/10/2022, 23:33:31",1
"05/10/2022, 23:33:34",1
"05/10/2022, 23:33:37",1
"05/10/2022, 23:33:40",1
"05/10/2022, 23:33:43",1
"05/10/2022, 23:33:46",1
"05/10/2022, 23:33:49",1
"05/10/2022, 23:33:52",1
"05/10/2022, 23:33:55",1
"05/10/2022, 23:33:58",1
"05/10/2022, 23:34:01",1
"05/10/2022, 23:34:04",1
"05/10/2022, 23:34:07",1
"05/10/2022, 23:34:10",1
"05/10/2022, 23:34:13",1
"05/10/2022, 23:34:16",1
"05/10/2022, 23:34:19",1
"05/10/2022, 23:34:22",1
"05/10/2022, 23:34:25",1
"05/10/2022, 23:34:28",1
"05/10/2022, 23:34:31",1
"05/10/2022, 23:34:34",1
"05/10/2022, 23:34:37",1
"05/10/2022, 23:34:40",1
"05/10/2022, 23:34:43",1
"05/10/2022, 23:34:46",1
"05/10/2022, 23:34:49",1
"05/10/2022, 23:34:52",1
"05/10/2022, 23:34:55",1
"05/10/2022, 23:34:58",1
"05/10/2022, 23:35:01",1
"05/10/2022, 23:35:04",1
"05/10/2022, 23:35:07",1
"05/10/2022, 23:35:10",1
"05/10/2022, 23:35:13",1
"05/10/2022, 23:35:16",1
"05/10/2022, 23:35:19",1
"05/10/2022, 23:35:22",1
"05/10/2022, 23:35:25",1
"05/10/2022, 23:35:28",1
"05/10/2022, 23:35:31",1
"05/10/2022, 23:35:34",1
"05/10/2022, 23:35:37",1
"05/10/2022, 23:35:40",1
"05/10/2022, 23:35:43",1
time,flowcount
"05/10/2022, 23:38:40",1
"05/10/2022, 23:38:43",1
"05/10/2022, 23:38:46",1
"05/10/2022, 23:38:49",1
"05/10/2022, 23:38:52",1
"05/10/2022, 23:38:55",1
"05/10/2022, 23:38:58",1
"05/10/2022, 23:39:01",1
"05/10/2022, 23:39:04",1
"05/10/2022, 23:39:07",1
"05/10/2022, 23:39:10",1
"05/10/2022, 23:39:13",1
"05/10/2022, 23:39:16",1
"05/10/2022, 23:39:19",1
"05/10/2022, 23:39:22",1
"05/10/2022, 23:39:25",1
"05/10/2022, 23:39:28",1
"05/10/2022, 23:39:31",1
"05/10/2022, 23:39:34",1
"05/10/2022, 23:39:37",1
"05/10/2022, 23:39:40",1
"05/10/2022, 23:39:43",1
"05/10/2022, 23:39:46",1
"05/10/2022, 23:39:49",1
"05/10/2022, 23:39:52",1
"05/10/2022, 23:39:55",1
"05/10/2022, 23:39:58",1
"05/10/2022, 23:40:01",1
"05/10/2022, 23:40:04",1
"05/10/2022, 23:40:07",1
"05/10/2022, 23:40:10",1
"05/10/2022, 23:40:13",1
"05/10/2022, 23:40:16",1
"05/10/2022, 23:40:19",1
"05/10/2022, 23:40:22",1
"05/10/2022, 23:40:25",1
"05/10/2022, 23:40:28",1
"05/10/2022, 23:40:31",1
"05/10/2022, 23:40:34",1
"05/10/2022, 23:40:37",1
"05/10/2022, 23:40:40",1
"05/10/2022, 23:40:43",1
"05/10/2022, 23:40:46",1
"05/10/2022, 23:40:49",1
"05/10/2022, 23:40:52",1
"05/10/2022, 23:40:55",1
"05/10/2022, 23:40:58",1
"05/10/2022, 23:41:01",1
"05/10/2022, 23:41:04",1
"05/10/2022, 23:41:07",1
time,flowcount
"05/10/2022, 23:57:55",1
"05/10/2022, 23:57:58",1
"05/10/2022, 23:58:01",1
"05/10/2022, 23:58:04",1
"05/10/2022, 23:58:07",1
"05/10/2022, 23:58:10",1
time,flowcount
"05/10/2022, 23:58:37",1
"05/10/2022, 23:58:42",1
"05/10/2022, 23:58:47",1
"05/10/2022, 23:58:52",1
"05/10/2022, 23:58:57",1
"05/10/2022, 23:59:02",1
"05/10/2022, 23:59:07",1
"05/10/2022, 23:59:12",1
"05/10/2022, 23:59:17",1
"05/10/2022, 23:59:22",1
"05/10/2022, 23:59:27",1
"05/10/2022, 23:59:32",1
"05/10/2022, 23:59:37",1
"05/10/2022, 23:59:42",1
"05/10/2022, 23:59:47",1
"05/10/2022, 23:59:52",1
"05/10/2022, 23:59:57",1
"05/11/2022, 00:00:02",1
"05/11/2022, 00:00:07",1
"05/11/2022, 00:00:12",1
"05/11/2022, 00:00:17",1
"05/11/2022, 00:00:22",1
"05/11/2022, 00:00:27",1
"05/11/2022, 00:00:32",1
"05/11/2022, 00:00:37",1
"05/11/2022, 00:00:42",1
"05/11/2022, 00:00:47",1
"05/11/2022, 00:00:52",1
"05/11/2022, 00:00:57",1
"05/11/2022, 00:01:02",1
"05/11/2022, 00:01:07",1
"05/11/2022, 00:01:12",1
"05/11/2022, 00:01:17",1
"05/11/2022, 00:01:22",1
"05/11/2022, 00:01:27",1
"05/11/2022, 00:01:32",1
"05/11/2022, 00:01:37",1
"05/11/2022, 00:01:42",1
"05/11/2022, 00:01:47",1
"05/11/2022, 00:01:52",1
"05/11/2022, 00:01:57",1
"05/11/2022, 00:02:02",1
"05/11/2022, 00:02:07",1
"05/11/2022, 00:02:12",1
"05/11/2022, 00:02:17",1
"05/11/2022, 00:02:22",1
"05/11/2022, 00:02:27",1
"05/11/2022, 00:02:32",1
"05/11/2022, 00:02:37",1
"05/11/2022, 00:02:42",1
"05/11/2022, 00:02:47",1
"05/11/2022, 00:02:52",1
"05/11/2022, 00:02:57",1
"05/11/2022, 00:03:02",1
"05/11/2022, 00:03:07",1
"05/11/2022, 00:03:12",1
"05/11/2022, 00:03:17",1
"05/11/2022, 00:03:22",1
"05/11/2022, 00:03:27",1
"05/11/2022, 00:03:32",1
time,flowcount
"05/11/2022, 00:06:19",1
"05/11/2022, 00:06:22",1
"05/11/2022, 00:06:25",1
"05/11/2022, 00:06:28",1
"05/11/2022, 00:06:31",1
"05/11/2022, 00:06:34",1
"05/11/2022, 00:06:37",1
"05/11/2022, 00:06:40",1
"05/11/2022, 00:06:43",1
"05/11/2022, 00:06:46",1
"05/11/2022, 00:06:49",1
"05/11/2022, 00:06:52",1
"05/11/2022, 00:06:55",1
"05/11/2022, 00:06:58",1
"05/11/2022, 00:07:01",1
"05/11/2022, 00:07:04",1
"05/11/2022, 00:07:07",1
"05/11/2022, 00:07:10",1
"05/11/2022, 00:07:13",1
"05/11/2022, 00:07:16",1
"05/11/2022, 00:07:19",1
"05/11/2022, 00:07:22",1
"05/11/2022, 00:07:25",1
"05/11/2022, 00:07:28",1
"05/11/2022, 00:07:31",1
"05/11/2022, 00:07:34",1
"05/11/2022, 00:07:37",1
"05/11/2022, 00:07:40",1
"05/11/2022, 00:07:43",1
"05/11/2022, 00:07:46",1
"05/11/2022, 00:07:49",1
"05/11/2022, 00:07:52",1
"05/11/2022, 00:07:55",1
"05/11/2022, 00:07:58",1
"05/11/2022, 00:08:01",1
"05/11/2022, 00:08:04",1
"05/11/2022, 00:08:07",1
"05/11/2022, 00:08:10",1
"05/11/2022, 00:08:13",1
"05/11/2022, 00:08:16",1
"05/11/2022, 00:08:19",1
"05/11/2022, 00:08:22",1
"05/11/2022, 00:08:25",1
"05/11/2022, 00:08:28",1
"05/11/2022, 00:08:31",1
"05/11/2022, 00:08:34",1
"05/11/2022, 00:08:37",1
"05/11/2022, 00:08:40",1
"05/11/2022, 00:08:43",1
"05/11/2022, 00:08:46",1
"05/11/2022, 00:08:49",1
"05/11/2022, 00:08:52",1
"05/11/2022, 00:08:55",1
"05/11/2022, 00:08:58",1
"05/11/2022, 00:09:01",1
"05/11/2022, 00:09:04",1
"05/11/2022, 00:09:07",1
"05/11/2022, 00:09:10",1
"05/11/2022, 00:09:13",1
"05/11/2022, 00:09:16",1
time,flowcount
"05/11/2022, 00:10:08",1
"05/11/2022, 00:10:10",1
"05/11/2022, 00:10:12",1
"05/11/2022, 00:10:14",1
"05/11/2022, 00:10:16",1
"05/11/2022, 00:10:18",1
"05/11/2022, 00:10:20",1
"05/11/2022, 00:10:22",1
"05/11/2022, 00:10:24",1
"05/11/2022, 00:10:26",1
"05/11/2022, 00:10:28",1
"05/11/2022, 00:10:30",1
"05/11/2022, 00:10:32",1
"05/11/2022, 00:10:34",1
"05/11/2022, 00:10:36",1
"05/11/2022, 00:10:38",1
"05/11/2022, 00:10:40",1
"05/11/2022, 00:10:42",1
"05/11/2022, 00:10:44",1
"05/11/2022, 00:10:46",1
"05/11/2022, 00:10:48",1
"05/11/2022, 00:10:50",1
"05/11/2022, 00:10:52",1
"05/11/2022, 00:10:54",1
"05/11/2022, 00:10:56",1
"05/11/2022, 00:10:58",1
"05/11/2022, 00:11:00",1
"05/11/2022, 00:11:02",1
"05/11/2022, 00:11:04",1
"05/11/2022, 00:11:06",1
"05/11/2022, 00:11:08",1
"05/11/2022, 00:11:10",1
"05/11/2022, 00:11:12",1
"05/11/2022, 00:11:14",1
"05/11/2022, 00:11:16",1
"05/11/2022, 00:11:18",1
"05/11/2022, 00:11:20",1
"05/11/2022, 00:11:22",1
"05/11/2022, 00:11:24",1
"05/11/2022, 00:11:26",1
"05/11/2022, 00:11:28",1
"05/11/2022, 00:11:30",1
"05/11/2022, 00:11:32",1
"05/11/2022, 00:11:34",1
"05/11/2022, 00:11:36",1
"05/11/2022, 00:11:38",1
"05/11/2022, 00:11:40",1
"05/11/2022, 00:11:42",1
"05/11/2022, 00:11:44",1
"05/11/2022, 00:11:46",1
"05/11/2022, 00:11:48",1
"05/11/2022, 00:11:50",1
"05/11/2022, 00:11:52",1
"05/11/2022, 00:11:54",1
"05/11/2022, 00:11:56",1
"05/11/2022, 00:11:58",1
"05/11/2022, 00:12:00",1
"05/11/2022, 00:12:02",1
"05/11/2022, 00:12:04",1
"05/11/2022, 00:12:06",1
"05/11/2022, 00:12:08",1
"05/11/2022, 00:12:10",1
"05/11/2022, 00:12:12",1
"05/11/2022, 00:12:14",1
"05/11/2022, 00:12:16",1
"05/11/2022, 00:12:18",1
"05/11/2022, 00:12:20",1
"05/11/2022, 00:12:22",1
"05/11/2022, 00:12:24",1
"05/11/2022, 00:12:26",1
"05/11/2022, 00:12:28",1
"05/11/2022, 00:12:30",1
"05/11/2022, 00:12:32",1
"05/11/2022, 00:12:34",1
"05/11/2022, 00:12:36",1
"05/11/2022, 00:12:38",1
"05/11/2022, 00:12:40",1
"05/11/2022, 00:12:42",1
"05/11/2022, 00:12:44",1
"05/11/2022, 00:12:46",1
"05/11/2022, 00:12:48",1
"05/11/2022, 00:12:50",1
"05/11/2022, 00:12:52",1
"05/11/2022, 00:12:54",1
"05/11/2022, 00:12:56",1
"05/11/2022, 00:12:58",1
"05/11/2022, 00:13:00",1
"05/11/2022, 00:13:02",1
"05/11/2022, 00:13:04",1
"05/11/2022, 00:13:06",1
"05/11/2022, 00:13:08",1
"05/11/2022, 00:13:10",1
"05/11/2022, 00:13:12",1
"05/11/2022, 00:13:14",1
"05/11/2022, 00:13:16",1
"05/11/2022, 00:13:18",1
"05/11/2022, 00:13:20",1
"05/11/2022, 00:13:22",1
"05/11/2022, 00:13:24",1
"05/11/2022, 00:13:27",1
"05/11/2022, 00:13:29",1
"05/11/2022, 00:13:31",1
"05/11/2022, 00:13:33",1
"05/11/2022, 00:13:35",1
"05/11/2022, 00:13:37",1
"05/11/2022, 00:13:39",1
"05/11/2022, 00:13:41",1
"05/11/2022, 00:13:43",1
"05/11/2022, 00:13:45",1
"05/11/2022, 00:13:47",1
"05/11/2022, 00:13:49",1
"05/11/2022, 00:13:51",1
"05/11/2022, 00:13:53",1
"05/11/2022, 00:13:55",1
"05/11/2022, 00:13:57",1
"05/11/2022, 00:13:59",1
"05/11/2022, 00:14:01",1
"05/11/2022, 00:14:03",1
"05/11/2022, 00:14:05",1
"05/11/2022, 00:14:07",1
"05/11/2022, 00:14:09",1
"05/11/2022, 00:14:11",1
"05/11/2022, 00:14:13",1
"05/11/2022, 00:14:15",1
"05/11/2022, 00:14:17",1
"05/11/2022, 00:14:19",1
"05/11/2022, 00:14:21",1
"05/11/2022, 00:14:23",1
"05/11/2022, 00:14:25",1
"05/11/2022, 00:14:27",1
"05/11/2022, 00:14:29",1
"05/11/2022, 00:14:31",1
"05/11/2022, 00:14:33",1
"05/11/2022, 00:14:35",1
"05/11/2022, 00:14:37",1
"05/11/2022, 00:14:39",1
"05/11/2022, 00:14:41",1
"05/11/2022, 00:14:43",1
"05/11/2022, 00:14:45",1
"05/11/2022, 00:14:47",1
"05/11/2022, 00:14:49",1
"05/11/2022, 00:14:51",1
"05/11/2022, 00:14:53",1
"05/11/2022, 00:14:55",1
"05/11/2022, 00:14:57",1
"05/11/2022, 00:14:59",1
"05/11/2022, 00:15:01",1
"05/11/2022, 00:15:03",1
"05/11/2022, 00:15:05",1
time,flowcount
"05/16/2022, 12:05:56",1
"05/16/2022, 12:05:59",1
"05/16/2022, 12:06:02",1
"05/16/2022, 12:06:05",1
"05/16/2022, 12:06:08",1
"05/16/2022, 12:06:11",1
"05/16/2022, 12:06:14",1
"05/16/2022, 12:06:17",1
"05/16/2022, 12:06:20",1
"05/16/2022, 12:06:23",1
"05/16/2022, 12:06:26",1
"05/16/2022, 12:06:29",1
"05/16/2022, 12:06:32",1
"05/16/2022, 12:06:35",1
"05/16/2022, 12:06:38",1
"05/16/2022, 12:06:41",1
"05/16/2022, 12:06:44",1
"05/16/2022, 12:06:47",1
"05/16/2022, 12:06:50",1
"05/16/2022, 12:06:53",1
"05/16/2022, 12:06:56",1
"05/16/2022, 12:06:59",1
"05/16/2022, 12:07:02",1
"05/16/2022, 12:07:05",1
"05/16/2022, 12:07:08",1
"05/16/2022, 12:07:11",1
"05/16/2022, 12:07:14",1
"05/16/2022, 12:07:17",1
"05/16/2022, 12:07:20",1
"05/16/2022, 12:07:23",1
"05/16/2022, 12:07:26",1
"05/16/2022, 12:07:29",1
"05/16/2022, 12:07:32",1
"05/16/2022, 12:07:35",1
"05/16/2022, 12:07:38",1
"05/16/2022, 12:07:41",1
"05/16/2022, 12:07:44",1
"05/16/2022, 12:07:47",1
"05/16/2022, 12:07:50",1
"05/16/2022, 12:07:53",1
"05/16/2022, 12:07:56",1
"05/16/2022, 12:07:59",1
"05/16/2022, 12:08:02",1
"05/16/2022, 12:08:05",1
"05/16/2022, 12:08:08",1
"05/16/2022, 12:08:11",1
"05/16/2022, 12:08:14",1
"05/16/2022, 12:08:17",1
"05/16/2022, 12:08:20",1
"05/16/2022, 12:08:23",1
"05/16/2022, 12:08:26",1
"05/16/2022, 12:08:29",1
"05/16/2022, 12:08:32",1
"05/16/2022, 12:08:35",1
"05/16/2022, 12:08:38",1
"05/16/2022, 12:08:41",1
"05/16/2022, 12:08:44",1
"05/16/2022, 12:08:49",1
"05/16/2022, 12:08:52",1
"05/16/2022, 12:08:55",1
"05/16/2022, 12:08:58",1
"05/16/2022, 12:09:01",1
"05/16/2022, 12:09:04",1
"05/16/2022, 12:09:07",1
"05/16/2022, 12:09:10",1
"05/16/2022, 12:09:13",1
"05/16/2022, 12:09:16",1
"05/16/2022, 12:09:19",1
"05/16/2022, 12:09:22",1
"05/16/2022, 12:09:25",1
"05/16/2022, 12:09:28",1
"05/16/2022, 12:09:31",1
"05/16/2022, 12:09:34",1
"05/16/2022, 12:09:37",1
"05/16/2022, 12:09:40",1
"05/16/2022, 12:09:43",1
"05/16/2022, 12:09:46",1
"05/16/2022, 12:09:49",1
"05/16/2022, 12:09:52",1
"05/16/2022, 12:09:55",1
"05/16/2022, 12:09:58",1
"05/16/2022, 12:10:01",1
"05/16/2022, 12:10:04",1
"05/16/2022, 12:10:07",1
"05/16/2022, 12:10:10",1
"05/16/2022, 12:10:13",1
"05/16/2022, 12:10:16",1
"05/16/2022, 12:10:19",1
"05/16/2022, 12:10:22",1
"05/16/2022, 12:10:25",1
"05/16/2022, 12:10:28",1
"05/16/2022, 12:10:31",1
"05/16/2022, 12:10:34",1
"05/16/2022, 12:10:37",1
"05/16/2022, 12:10:40",1
"05/16/2022, 12:10:43",1
"05/16/2022, 12:10:46",1
"05/16/2022, 12:10:49",1
"05/16/2022, 12:10:52",1
"05/16/2022, 12:10:55",1
"05/16/2022, 12:10:58",1
"05/16/2022, 12:11:01",1
"05/16/2022, 12:11:04",1
"05/16/2022, 12:11:07",1
"05/16/2022, 12:11:10",1
"05/16/2022, 12:11:13",1
"05/16/2022, 12:11:16",1
"05/16/2022, 12:11:19",1
"05/16/2022, 12:11:22",1
"05/16/2022, 12:11:25",1
"05/16/2022, 12:11:28",1
"05/16/2022, 12:11:31",1
"05/16/2022, 12:11:34",1
"05/16/2022, 12:11:37",1
"05/16/2022, 12:11:40",1
"05/16/2022, 12:11:43",1
"05/16/2022, 12:11:46",1
"05/16/2022, 12:11:49",1
"05/16/2022, 12:11:52",1
"05/16/2022, 12:11:55",1
"05/16/2022, 12:11:58",1
"05/16/2022, 12:12:01",1
"05/16/2022, 12:12:04",1
"05/16/2022, 12:12:07",1
"05/16/2022, 12:12:10",1
"05/16/2022, 12:12:13",1
"05/16/2022, 12:12:16",1
"05/16/2022, 12:12:19",1
"05/16/2022, 12:12:22",1
"05/16/2022, 12:12:25",1
"05/16/2022, 12:12:28",1
"05/16/2022, 12:12:31",1
"05/16/2022, 12:12:34",1
"05/16/2022, 12:12:37",1
"05/16/2022, 12:12:40",1
"05/16/2022, 12:12:43",1
"05/16/2022, 12:12:46",1
"05/16/2022, 12:12:49",1
"05/16/2022, 12:12:52",1
"05/16/2022, 12:12:55",1
"05/16/2022, 12:12:58",1
"05/16/2022, 12:13:01",1
"05/16/2022, 12:13:04",1
"05/16/2022, 12:13:07",1
"05/16/2022, 12:13:10",1
"05/16/2022, 12:13:13",1
"05/16/2022, 12:13:16",1
"05/16/2022, 12:13:19",1
"05/16/2022, 12:13:22",1
"05/16/2022, 12:13:25",1
"05/16/2022, 12:13:28",1
"05/16/2022, 12:13:31",1
"05/16/2022, 12:13:34",1
"05/16/2022, 12:13:37",1
"05/16/2022, 12:13:40",1
"05/16/2022, 12:13:43",1
"05/16/2022, 12:13:46",1
"05/16/2022, 12:13:49",1
"05/16/2022, 12:13:52",1
"05/16/2022, 12:13:55",1
"05/16/2022, 12:13:58",1
"05/16/2022, 12:14:01",1
"05/16/2022, 12:14:04",1
"05/16/2022, 12:14:07",1
"05/16/2022, 12:14:10",1
"05/16/2022, 12:14:13",1
"05/16/2022, 12:14:16",1
"05/16/2022, 12:14:19",1
"05/16/2022, 12:14:22",1
"05/16/2022, 12:14:25",1
"05/16/2022, 12:14:28",1
"05/16/2022, 12:14:31",1
"05/16/2022, 12:14:34",1
"05/16/2022, 12:14:37",1
"05/16/2022, 12:14:40",1
"05/16/2022, 12:14:43",1
"05/16/2022, 12:14:46",1
"05/16/2022, 12:14:49",1
"05/16/2022, 12:14:52",1
"05/16/2022, 12:14:55",1
"05/16/2022, 12:14:58",1
"05/16/2022, 12:15:01",1
"05/16/2022, 12:15:04",1
"05/16/2022, 12:15:07",1
"05/16/2022, 12:15:10",1
"05/16/2022, 12:15:13",1
"05/16/2022, 12:15:16",1
"05/16/2022, 12:15:19",1
"05/16/2022, 12:15:22",1
"05/16/2022, 12:15:25",1
"05/16/2022, 12:15:28",1
"05/16/2022, 12:15:31",1
"05/16/2022, 12:15:34",1
"05/16/2022, 12:15:37",1
"05/16/2022, 12:15:40",1
"05/16/2022, 12:15:43",1
"05/16/2022, 12:15:46",1
"05/16/2022, 12:15:49",1
"05/16/2022, 12:15:52",1
"05/16/2022, 12:15:55",1
"05/16/2022, 12:15:58",1
time,flowcount
"05/16/2022, 12:18:11",1
"05/16/2022, 12:18:14",1
"05/16/2022, 12:18:17",1
"05/16/2022, 12:18:20",1
"05/16/2022, 12:18:23",1
"05/16/2022, 12:18:26",1
"05/16/2022, 12:18:29",1
"05/16/2022, 12:18:32",1
"05/16/2022, 12:18:35",1
"05/16/2022, 12:18:38",1
"05/16/2022, 12:18:41",1
"05/16/2022, 12:18:44",1
"05/16/2022, 12:18:47",1
"05/16/2022, 12:18:50",1
"05/16/2022, 12:18:53",1
"05/16/2022, 12:18:56",1
"05/16/2022, 12:18:59",1
"05/16/2022, 12:19:02",1
"05/16/2022, 12:19:05",1
"05/16/2022, 12:19:08",1
"05/16/2022, 12:19:11",1
"05/16/2022, 12:19:14",1
"05/16/2022, 12:19:17",1
"05/16/2022, 12:19:20",1
"05/16/2022, 12:19:23",1
"05/16/2022, 12:19:26",1
"05/16/2022, 12:19:29",1
"05/16/2022, 12:19:32",1
"05/16/2022, 12:19:35",1
"05/16/2022, 12:19:38",1
"05/16/2022, 12:19:41",1
"05/16/2022, 12:19:44",1
"05/16/2022, 12:19:47",1
"05/16/2022, 12:19:51",1
"05/16/2022, 12:19:54",1
"05/16/2022, 12:19:57",1
"05/16/2022, 12:20:00",1
"05/16/2022, 12:20:03",1
"05/16/2022, 12:20:06",1
"05/16/2022, 12:20:09",1
"05/16/2022, 12:20:12",1
"05/16/2022, 12:20:15",1
"05/16/2022, 12:20:18",1
"05/16/2022, 12:20:21",1
"05/16/2022, 12:20:24",1
"05/16/2022, 12:20:27",1
"05/16/2022, 12:20:30",1
"05/16/2022, 12:20:33",1
"05/16/2022, 12:20:36",1
"05/16/2022, 12:20:39",1
"05/16/2022, 12:20:42",1
"05/16/2022, 12:20:45",1
"05/16/2022, 12:20:48",1
"05/16/2022, 12:20:51",1
"05/16/2022, 12:20:54",1
"05/16/2022, 12:20:57",1
"05/16/2022, 12:21:00",1
"05/16/2022, 12:21:03",1
"05/16/2022, 12:21:06",1
"05/16/2022, 12:21:10",1
"05/16/2022, 12:21:13",1
"05/16/2022, 12:21:16",1
"05/16/2022, 12:21:19",1
"05/16/2022, 12:21:22",1
"05/16/2022, 12:21:25",1
"05/16/2022, 12:21:28",1
"05/16/2022, 12:21:31",1
"05/16/2022, 12:21:34",1
"05/16/2022, 12:21:37",1
"05/16/2022, 12:21:40",1
"05/16/2022, 12:21:43",1
"05/16/2022, 12:21:46",1
"05/16/2022, 12:21:49",1
"05/16/2022, 12:21:52",1
"05/16/2022, 12:21:55",1
"05/16/2022, 12:21:58",1
"05/16/2022, 12:22:01",1
"05/16/2022, 12:22:04",1
"05/16/2022, 12:22:08",1
"05/16/2022, 12:22:11",1
"05/16/2022, 12:22:14",1
"05/16/2022, 12:22:17",1
"05/16/2022, 12:22:20",1
"05/16/2022, 12:22:20",1
"05/16/2022, 12:22:23",1
"05/16/2022, 12:22:26",1
"05/16/2022, 12:22:29",1
"05/16/2022, 12:22:33",1
"05/16/2022, 12:22:36",1
"05/16/2022, 12:22:40",1
"05/16/2022, 12:22:43",1
"05/16/2022, 12:22:47",1
"05/16/2022, 12:22:50",1
"05/16/2022, 12:22:54",1
"05/16/2022, 12:22:58",1
"05/16/2022, 12:23:02",1
"05/16/2022, 12:23:06",1
"05/16/2022, 12:23:10",1
"05/16/2022, 12:23:14",1
"05/16/2022, 12:23:19",1
"05/16/2022, 12:23:23",1
"05/16/2022, 12:23:28",1
"05/16/2022, 12:23:33",1
"05/16/2022, 12:23:38",1
"05/16/2022, 12:23:44",1
"05/16/2022, 12:23:49",1
"05/16/2022, 12:23:55",1
"05/16/2022, 12:24:00",1
"05/16/2022, 12:24:07",1
"05/16/2022, 12:24:13",1
"05/16/2022, 12:24:19",1
"05/16/2022, 12:24:26",1
"05/16/2022, 12:24:33",1
"05/16/2022, 12:24:42",1
"05/16/2022, 12:24:50",1
"05/16/2022, 12:24:58",1
"05/16/2022, 12:25:07",1
"05/16/2022, 12:25:17",1
"05/16/2022, 12:25:26",1
"05/16/2022, 12:25:36",1
time,flowcount
time,flowcount
time,flowcount
time,flowcount
"05/16/2022, 12:26:33",1
time,flowcount
time,flowcount
"05/16/2022, 12:27:09",1
time,flowcount
time,flowcount
"05/16/2022, 12:27:48",1
time,flowcount
"05/16/2022, 12:28:03",1
time,flowcount
"05/16/2022, 12:28:18",1
time,flowcount
"05/16/2022, 13:02:01",1
"05/16/2022, 13:02:04",1
"05/16/2022, 13:02:07",1
"05/16/2022, 13:02:10",1
"05/16/2022, 13:02:13",1
"05/16/2022, 13:02:16",1
"05/16/2022, 13:02:19",1
"05/16/2022, 13:02:22",1
"05/16/2022, 13:02:25",1
"05/16/2022, 13:02:28",1
"05/16/2022, 13:02:31",1
"05/16/2022, 13:02:34",1
"05/16/2022, 13:02:37",1
"05/16/2022, 13:02:40",1
"05/16/2022, 13:02:43",1
"05/16/2022, 13:02:46",1
"05/16/2022, 13:02:49",1
"05/16/2022, 13:02:52",1
"05/16/2022, 13:02:55",1
"05/16/2022, 13:02:58",1
"05/16/2022, 13:03:01",1
"05/16/2022, 13:03:04",1
"05/16/2022, 13:03:07",1
"05/16/2022, 13:03:10",1
"05/16/2022, 13:03:13",1
"05/16/2022, 13:03:16",1
"05/16/2022, 13:03:19",1
"05/16/2022, 13:03:22",1
"05/16/2022, 13:03:25",1
"05/16/2022, 13:03:28",1
"05/16/2022, 13:03:31",1
"05/16/2022, 13:03:34",1
"05/16/2022, 13:03:38",1
"05/16/2022, 13:03:40",1
"05/16/2022, 13:03:43",1
"05/16/2022, 13:03:46",1
"05/16/2022, 13:03:49",1
"05/16/2022, 13:03:52",1
"05/16/2022, 13:03:55",1
"05/16/2022, 13:03:58",1
"05/16/2022, 13:04:02",1
"05/16/2022, 13:04:04",1
"05/16/2022, 13:04:08",1
"05/16/2022, 13:04:11",1
"05/16/2022, 13:04:14",1
"05/16/2022, 13:04:17",1
"05/16/2022, 13:04:20",1
"05/16/2022, 13:04:23",1
"05/16/2022, 13:04:26",1
"05/16/2022, 13:04:29",1
"05/16/2022, 13:04:32",1
"05/16/2022, 13:04:35",1
"05/16/2022, 13:04:38",1
"05/16/2022, 13:04:41",1
"05/16/2022, 13:04:44",1
"05/16/2022, 13:04:47",1
"05/16/2022, 13:04:50",1
"05/16/2022, 13:04:53",1
"05/16/2022, 13:04:56",1
"05/16/2022, 13:04:59",1
"05/16/2022, 13:05:02",1
"05/16/2022, 13:05:05",1
"05/16/2022, 13:05:08",1
"05/16/2022, 13:05:11",1
"05/16/2022, 13:05:14",1
"05/16/2022, 13:05:17",1
"05/16/2022, 13:05:20",1
"05/16/2022, 13:05:23",1
"05/16/2022, 13:05:26",1
"05/16/2022, 13:05:29",1
"05/16/2022, 13:05:32",1
"05/16/2022, 13:05:35",1
"05/16/2022, 13:05:38",1
"05/16/2022, 13:05:41",1
"05/16/2022, 13:05:44",1
"05/16/2022, 13:05:47",1
"05/16/2022, 13:05:50",1
"05/16/2022, 13:05:53",1
"05/16/2022, 13:05:56",1
"05/16/2022, 13:05:59",1
"05/16/2022, 13:06:02",1
"05/16/2022, 13:06:05",1
"05/16/2022, 13:06:08",1
"05/16/2022, 13:06:11",1
"05/16/2022, 13:06:14",1
"05/16/2022, 13:06:17",1
"05/16/2022, 13:06:20",1
"05/16/2022, 13:06:23",1
"05/16/2022, 13:06:26",1
"05/16/2022, 13:06:29",1
"05/16/2022, 13:06:32",1
"05/16/2022, 13:06:35",1
"05/16/2022, 13:06:38",1
"05/16/2022, 13:06:41",1
"05/16/2022, 13:06:44",1
"05/16/2022, 13:06:47",1
"05/16/2022, 13:06:50",1
"05/16/2022, 13:06:53",1
"05/16/2022, 13:06:56",1
"05/16/2022, 13:06:59",1
"05/16/2022, 13:07:02",1
"05/16/2022, 13:07:05",1
"05/16/2022, 13:07:08",1
"05/16/2022, 13:07:11",1
"05/16/2022, 13:07:14",1
"05/16/2022, 13:07:17",1
"05/16/2022, 13:07:20",1
"05/16/2022, 13:07:23",1
"05/16/2022, 13:07:26",1
"05/16/2022, 13:07:29",1
"05/16/2022, 13:07:32",1
"05/16/2022, 13:07:35",1
"05/16/2022, 13:07:38",1
"05/16/2022, 13:07:41",1
"05/16/2022, 13:07:44",1
"05/16/2022, 13:07:47",1
"05/16/2022, 13:07:50",1
"05/16/2022, 13:07:53",1
"05/16/2022, 13:07:56",1
"05/16/2022, 13:07:59",1
"05/16/2022, 13:08:02",1
"05/16/2022, 13:08:05",1
"05/16/2022, 13:08:08",1
"05/16/2022, 13:08:11",1
"05/16/2022, 13:08:14",1
"05/16/2022, 13:08:17",1
"05/16/2022, 13:08:20",1
"05/16/2022, 13:08:23",1
"05/16/2022, 13:08:26",1
"05/16/2022, 13:08:29",1
"05/16/2022, 13:08:32",1
"05/16/2022, 13:08:35",1
"05/16/2022, 13:08:38",1
"05/16/2022, 13:08:41",1
"05/16/2022, 13:08:44",1
"05/16/2022, 13:08:47",1
"05/16/2022, 13:08:50",1
"05/16/2022, 13:08:53",1
"05/16/2022, 13:08:56",1
"05/16/2022, 13:08:59",1
"05/16/2022, 13:09:02",1
"05/16/2022, 13:09:05",1
"05/16/2022, 13:09:08",1
"05/16/2022, 13:09:11",1
"05/16/2022, 13:09:14",1
"05/16/2022, 13:09:17",1
"05/16/2022, 13:09:20",1
"05/16/2022, 13:09:23",1
"05/16/2022, 13:09:26",1
"05/16/2022, 13:09:29",1
"05/16/2022, 13:09:32",1
"05/16/2022, 13:09:35",1
"05/16/2022, 13:09:38",1
"05/16/2022, 13:09:41",1
"05/16/2022, 13:09:44",1
"05/16/2022, 13:09:47",1
"05/16/2022, 13:09:50",1
"05/16/2022, 13:09:53",1
"05/16/2022, 13:09:56",1
"05/16/2022, 13:09:59",1
"05/16/2022, 13:10:02",1
"05/16/2022, 13:10:05",1
"05/16/2022, 13:10:08",1
"05/16/2022, 13:10:11",1
"05/16/2022, 13:10:14",1
"05/16/2022, 13:10:17",1
"05/16/2022, 13:10:20",1
"05/16/2022, 13:10:23",1
"05/16/2022, 13:10:26",1
"05/16/2022, 13:10:29",1
"05/16/2022, 13:10:32",1
"05/16/2022, 13:10:35",1
"05/16/2022, 13:10:38",1
"05/16/2022, 13:10:41",1
"05/16/2022, 13:10:44",1
"05/16/2022, 13:10:47",1
"05/16/2022, 13:10:50",1
"05/16/2022, 13:10:53",1
"05/16/2022, 13:10:56",1
"05/16/2022, 13:10:59",1
"05/16/2022, 13:11:02",1
"05/16/2022, 13:11:05",1
"05/16/2022, 13:11:08",1
"05/16/2022, 13:11:11",1
"05/16/2022, 13:11:14",1
"05/16/2022, 13:11:17",1
"05/16/2022, 13:11:20",1
"05/16/2022, 13:11:23",1
"05/16/2022, 13:11:26",1
"05/16/2022, 13:11:29",1
"05/16/2022, 13:11:32",1
"05/16/2022, 13:11:35",1
"05/16/2022, 13:11:38",1
"05/16/2022, 13:11:41",1
"05/16/2022, 13:11:44",1
"05/16/2022, 13:11:47",1
"05/16/2022, 13:11:50",1
"05/16/2022, 13:11:53",1
"05/16/2022, 13:11:56",1
"05/16/2022, 13:11:59",1
"05/16/2022, 13:12:02",1
time,flowcount
"05/16/2022, 13:12:31",1
"05/16/2022, 13:12:34",1
"05/16/2022, 13:12:37",1
"05/16/2022, 13:12:41",1
"05/16/2022, 13:12:44",1
"05/16/2022, 13:12:47",1
"05/16/2022, 13:12:50",1
"05/16/2022, 13:12:53",1
"05/16/2022, 13:12:56",1
"05/16/2022, 13:12:59",1
"05/16/2022, 13:13:02",1
"05/16/2022, 13:13:05",1
"05/16/2022, 13:13:08",1
"05/16/2022, 13:13:11",1
"05/16/2022, 13:13:14",1
"05/16/2022, 13:13:17",1
"05/16/2022, 13:13:20",1
"05/16/2022, 13:13:23",1
"05/16/2022, 13:13:26",1
"05/16/2022, 13:13:29",1
"05/16/2022, 13:13:32",1
"05/16/2022, 13:13:35",1
"05/16/2022, 13:13:38",1
"05/16/2022, 13:13:41",1
"05/16/2022, 13:13:44",1
"05/16/2022, 13:13:47",1
"05/16/2022, 13:13:50",1
"05/16/2022, 13:13:53",1
"05/16/2022, 13:13:56",1
"05/16/2022, 13:13:59",1
"05/16/2022, 13:14:02",1
"05/16/2022, 13:14:05",1
"05/16/2022, 13:14:08",1
"05/16/2022, 13:14:11",1
"05/16/2022, 13:14:14",1
"05/16/2022, 13:14:17",1
"05/16/2022, 13:14:20",1
"05/16/2022, 13:14:23",1
"05/16/2022, 13:14:26",1
"05/16/2022, 13:14:29",1
"05/16/2022, 13:14:32",1
"05/16/2022, 13:14:35",1
"05/16/2022, 13:14:38",1
"05/16/2022, 13:14:41",1
"05/16/2022, 13:14:44",1
"05/16/2022, 13:14:47",1
"05/16/2022, 13:14:50",1
"05/16/2022, 13:14:53",1
"05/16/2022, 13:14:56",1
"05/16/2022, 13:14:59",1
"05/16/2022, 13:15:02",1
"05/16/2022, 13:15:05",1
"05/16/2022, 13:15:08",1
"05/16/2022, 13:15:11",1
"05/16/2022, 13:15:14",1
"05/16/2022, 13:15:17",1
"05/16/2022, 13:15:20",1
"05/16/2022, 13:15:23",1
"05/16/2022, 13:15:26",1
"05/16/2022, 13:15:29",1
"05/16/2022, 13:15:32",1
"05/16/2022, 13:15:35",1
"05/16/2022, 13:15:38",1
"05/16/2022, 13:15:41",1
"05/16/2022, 13:15:44",1
"05/16/2022, 13:15:47",1
"05/16/2022, 13:15:50",1
"05/16/2022, 13:15:53",1
"05/16/2022, 13:15:56",1
"05/16/2022, 13:15:59",1
"05/16/2022, 13:16:02",1
"05/16/2022, 13:16:05",1
"05/16/2022, 13:16:08",1
"05/16/2022, 13:16:11",1
"05/16/2022, 13:16:14",1
"05/16/2022, 13:16:17",1
"05/16/2022, 13:16:20",1
"05/16/2022, 13:16:23",1
"05/16/2022, 13:16:26",1
"05/16/2022, 13:16:29",1
"05/16/2022, 13:16:32",1
"05/16/2022, 13:16:35",1
"05/16/2022, 13:16:38",1
"05/16/2022, 13:16:41",1
"05/16/2022, 13:16:44",1
"05/16/2022, 13:16:47",1
"05/16/2022, 13:16:50",1
"05/16/2022, 13:16:53",1
"05/16/2022, 13:16:56",1
"05/16/2022, 13:16:59",1
"05/16/2022, 13:17:02",1
"05/16/2022, 13:17:05",1
"05/16/2022, 13:17:08",1
"05/16/2022, 13:17:11",1
"05/16/2022, 13:17:14",1
"05/16/2022, 13:17:17",1
"05/16/2022, 13:17:20",1
"05/16/2022, 13:17:23",1
"05/16/2022, 13:17:26",1
"05/16/2022, 13:17:29",1
"05/16/2022, 13:17:32",1
"05/16/2022, 13:17:35",1
"05/16/2022, 13:17:38",1
"05/16/2022, 13:17:41",1
"05/16/2022, 13:17:44",1
"05/16/2022, 13:17:47",1
"05/16/2022, 13:17:50",1
"05/16/2022, 13:17:53",1
"05/16/2022, 13:17:56",1
"05/16/2022, 13:17:59",1
"05/16/2022, 13:18:02",1
"05/16/2022, 13:18:05",1
"05/16/2022, 13:18:08",1
"05/16/2022, 13:18:11",1
"05/16/2022, 13:18:14",1
"05/16/2022, 13:18:17",1
"05/16/2022, 13:18:20",1
"05/16/2022, 13:18:23",1
"05/16/2022, 13:18:26",1
"05/16/2022, 13:18:29",1
"05/16/2022, 13:18:32",1
"05/16/2022, 13:18:35",1
"05/16/2022, 13:18:38",1
"05/16/2022, 13:18:41",1
"05/16/2022, 13:18:44",1
"05/16/2022, 13:18:47",1
"05/16/2022, 13:18:50",1
"05/16/2022, 13:18:53",1
"05/16/2022, 13:18:56",1
"05/16/2022, 13:18:59",1
"05/16/2022, 13:19:02",1
"05/16/2022, 13:19:05",1
"05/16/2022, 13:19:08",1
"05/16/2022, 13:19:11",1
"05/16/2022, 13:19:14",1
"05/16/2022, 13:19:17",1
"05/16/2022, 13:19:20",1
"05/16/2022, 13:19:23",1
"05/16/2022, 13:19:26",1
"05/16/2022, 13:19:29",1
"05/16/2022, 13:19:32",1
"05/16/2022, 13:19:35",1
"05/16/2022, 13:19:38",1
"05/16/2022, 13:19:41",1
"05/16/2022, 13:19:44",1
"05/16/2022, 13:19:47",1
"05/16/2022, 13:19:50",1
"05/16/2022, 13:19:53",1
"05/16/2022, 13:19:56",1
"05/16/2022, 13:19:59",1
"05/16/2022, 13:20:02",1
"05/16/2022, 13:20:05",1
"05/16/2022, 13:20:08",1
"05/16/2022, 13:20:11",1
"05/16/2022, 13:20:14",1
"05/16/2022, 13:20:17",1
"05/16/2022, 13:20:20",1
"05/16/2022, 13:20:23",1
"05/16/2022, 13:20:26",1
"05/16/2022, 13:20:29",1
"05/16/2022, 13:20:32",1
"05/16/2022, 13:20:35",1
"05/16/2022, 13:20:38",1
"05/16/2022, 13:20:41",1
"05/16/2022, 13:20:44",1
"05/16/2022, 13:20:47",1
"05/16/2022, 13:20:50",1
"05/16/2022, 13:20:53",1
"05/16/2022, 13:20:56",1
"05/16/2022, 13:20:59",1
"05/16/2022, 13:21:02",1
"05/16/2022, 13:21:05",1
"05/16/2022, 13:21:08",1
"05/16/2022, 13:21:11",1
"05/16/2022, 13:21:14",1
"05/16/2022, 13:21:17",1
"05/16/2022, 13:21:20",1
"05/16/2022, 13:21:23",1
"05/16/2022, 13:21:26",1
"05/16/2022, 13:21:29",1
"05/16/2022, 13:21:32",1
"05/16/2022, 13:21:35",1
"05/16/2022, 13:21:38",1
"05/16/2022, 13:21:41",1
"05/16/2022, 13:21:44",1
"05/16/2022, 13:21:47",1
"05/16/2022, 13:21:50",1
"05/16/2022, 13:21:53",1
"05/16/2022, 13:21:56",1
"05/16/2022, 13:21:59",1
"05/16/2022, 13:22:02",1
"05/16/2022, 13:22:05",1
"05/16/2022, 13:22:08",1
"05/16/2022, 13:22:11",1
"05/16/2022, 13:22:14",1
"05/16/2022, 13:22:17",1
"05/16/2022, 13:22:20",1
"05/16/2022, 13:22:23",1
"05/16/2022, 13:22:26",1
"05/16/2022, 13:22:29",1
"05/16/2022, 13:22:32",1
time,flowcount
"05/16/2022, 14:27:22",1
"05/16/2022, 14:27:25",1
"05/16/2022, 14:27:28",1
"05/16/2022, 14:27:31",1
"05/16/2022, 14:27:34",1
"05/16/2022, 14:27:37",1
"05/16/2022, 14:27:40",1
"05/16/2022, 14:27:43",1
"05/16/2022, 14:27:46",1
"05/16/2022, 14:27:49",1
"05/16/2022, 14:27:52",1
"05/16/2022, 14:27:55",1
"05/16/2022, 14:27:58",1
"05/16/2022, 14:28:01",1
"05/16/2022, 14:28:04",1
"05/16/2022, 14:28:07",1
"05/16/2022, 14:28:10",1
"05/16/2022, 14:28:13",1
"05/16/2022, 14:28:16",1
"05/16/2022, 14:28:19",1
"05/16/2022, 14:28:22",1
"05/16/2022, 14:28:25",1
"05/16/2022, 14:28:28",1
"05/16/2022, 14:28:31",1
"05/16/2022, 14:28:34",1
"05/16/2022, 14:28:37",1
"05/16/2022, 14:28:40",1
"05/16/2022, 14:28:43",1
"05/16/2022, 14:28:46",1
"05/16/2022, 14:28:49",1
"05/16/2022, 14:28:52",1
"05/16/2022, 14:28:55",1
"05/16/2022, 14:28:58",1
"05/16/2022, 14:29:01",1
"05/16/2022, 14:29:04",1
"05/16/2022, 14:29:07",1
"05/16/2022, 14:29:10",1
"05/16/2022, 14:29:13",1
"05/16/2022, 14:29:16",1
"05/16/2022, 14:29:19",1
"05/16/2022, 14:29:22",1
"05/16/2022, 14:29:25",1
"05/16/2022, 14:29:28",1
"05/16/2022, 14:29:31",1
"05/16/2022, 14:29:34",1
"05/16/2022, 14:29:37",1
"05/16/2022, 14:29:40",1
"05/16/2022, 14:29:43",1
"05/16/2022, 14:29:46",1
"05/16/2022, 14:29:49",1
"05/16/2022, 14:29:52",1
"05/16/2022, 14:29:55",1
"05/16/2022, 14:29:58",1
"05/16/2022, 14:30:01",1
"05/16/2022, 14:30:04",1
"05/16/2022, 14:30:07",1
"05/16/2022, 14:30:10",1
"05/16/2022, 14:30:13",1
"05/16/2022, 14:30:16",1
"05/16/2022, 14:30:19",1
"05/16/2022, 14:30:22",1
"05/16/2022, 14:30:25",1
"05/16/2022, 14:30:28",1
"05/16/2022, 14:30:31",1
"05/16/2022, 14:30:34",1
"05/16/2022, 14:30:37",1
"05/16/2022, 14:30:40",1
"05/16/2022, 14:30:43",1
"05/16/2022, 14:30:46",1
"05/16/2022, 14:30:49",1
"05/16/2022, 14:30:52",1
"05/16/2022, 14:30:55",1
"05/16/2022, 14:30:58",1
"05/16/2022, 14:31:01",1
"05/16/2022, 14:31:04",1
"05/16/2022, 14:31:07",1
"05/16/2022, 14:31:10",1
"05/16/2022, 14:31:13",1
"05/16/2022, 14:31:16",1
"05/16/2022, 14:31:19",1
"05/16/2022, 14:31:22",1
"05/16/2022, 14:31:25",1
"05/16/2022, 14:31:28",1
"05/16/2022, 14:31:31",1
"05/16/2022, 14:31:34",1
"05/16/2022, 14:31:37",1
"05/16/2022, 14:31:40",1
"05/16/2022, 14:31:43",1
"05/16/2022, 14:31:46",1
"05/16/2022, 14:31:49",1
"05/16/2022, 14:31:52",1
"05/16/2022, 14:31:55",1
"05/16/2022, 14:31:58",1
"05/16/2022, 14:32:01",1
"05/16/2022, 14:32:04",1
"05/16/2022, 14:32:07",1
"05/16/2022, 14:32:10",1
"05/16/2022, 14:32:13",1
"05/16/2022, 14:32:16",1
"05/16/2022, 14:32:19",1
"05/16/2022, 14:32:22",1
"05/16/2022, 14:32:25",1
"05/16/2022, 14:32:28",1
"05/16/2022, 14:32:31",1
"05/16/2022, 14:32:34",1
"05/16/2022, 14:32:37",1
"05/16/2022, 14:32:40",1
"05/16/2022, 14:32:43",1
"05/16/2022, 14:32:46",1
"05/16/2022, 14:32:49",1
"05/16/2022, 14:32:52",1
"05/16/2022, 14:32:55",1
"05/16/2022, 14:32:58",1
"05/16/2022, 14:33:01",1
"05/16/2022, 14:33:04",1
"05/16/2022, 14:33:07",1
"05/16/2022, 14:33:10",1
"05/16/2022, 14:33:13",1
"05/16/2022, 14:33:16",1
"05/16/2022, 14:33:19",1
"05/16/2022, 14:33:22",1
"05/16/2022, 14:33:25",1
"05/16/2022, 14:33:28",1
"05/16/2022, 14:33:31",1
"05/16/2022, 14:33:34",1
"05/16/2022, 14:33:37",1
"05/16/2022, 14:33:40",1
"05/16/2022, 14:33:43",1
"05/16/2022, 14:33:46",1
"05/16/2022, 14:33:49",1
"05/16/2022, 14:33:52",1
"05/16/2022, 14:33:55",1
"05/16/2022, 14:33:58",1
"05/16/2022, 14:34:01",1
"05/16/2022, 14:34:04",1
"05/16/2022, 14:34:07",1
"05/16/2022, 14:34:10",1
"05/16/2022, 14:34:13",1
"05/16/2022, 14:34:16",1
"05/16/2022, 14:34:19",1
"05/16/2022, 14:34:22",1
"05/16/2022, 14:34:25",1
"05/16/2022, 14:34:28",1
"05/16/2022, 14:34:31",1
"05/16/2022, 14:34:34",1
"05/16/2022, 14:34:37",1
"05/16/2022, 14:34:40",1
"05/16/2022, 14:34:43",1
"05/16/2022, 14:34:47",1
"05/16/2022, 14:34:50",1
"05/16/2022, 14:34:53",1
"05/16/2022, 14:34:56",1
"05/16/2022, 14:34:59",1
"05/16/2022, 14:35:02",1
"05/16/2022, 14:35:05",1
"05/16/2022, 14:35:08",1
"05/16/2022, 14:35:11",1
"05/16/2022, 14:35:14",1
"05/16/2022, 14:35:17",1
"05/16/2022, 14:35:20",1
"05/16/2022, 14:35:23",1
"05/16/2022, 14:35:26",1
"05/16/2022, 14:35:29",1
"05/16/2022, 14:35:32",1
"05/16/2022, 14:35:35",1
"05/16/2022, 14:35:38",1
"05/16/2022, 14:35:41",1
"05/16/2022, 14:35:44",1
"05/16/2022, 14:35:47",1
"05/16/2022, 14:35:50",1
"05/16/2022, 14:35:53",1
"05/16/2022, 14:35:56",1
"05/16/2022, 14:35:59",1
"05/16/2022, 14:36:02",1
"05/16/2022, 14:36:05",1
"05/16/2022, 14:36:08",1
"05/16/2022, 14:36:11",1
"05/16/2022, 14:36:14",1
"05/16/2022, 14:36:17",1
"05/16/2022, 14:36:20",1
"05/16/2022, 14:36:23",1
"05/16/2022, 14:36:26",1
"05/16/2022, 14:36:29",1
"05/16/2022, 14:36:32",1
"05/16/2022, 14:36:35",1
"05/16/2022, 14:36:38",1
"05/16/2022, 14:36:41",1
"05/16/2022, 14:36:44",1
"05/16/2022, 14:36:47",1
"05/16/2022, 14:36:50",1
"05/16/2022, 14:36:53",1
"05/16/2022, 14:36:56",1
"05/16/2022, 14:36:59",1
"05/16/2022, 14:37:02",1
"05/16/2022, 14:37:05",1
"05/16/2022, 14:37:08",1
"05/16/2022, 14:37:11",1
"05/16/2022, 14:37:14",1
"05/16/2022, 14:37:17",1
"05/16/2022, 14:37:20",1
"05/16/2022, 14:37:23",1
"05/16/2022, 14:37:26",1
"05/16/2022, 14:37:29",1
"05/16/2022, 14:37:32",1
"05/16/2022, 14:37:35",1
"05/16/2022, 14:37:38",1
"05/16/2022, 14:37:41",1
"05/16/2022, 14:37:44",1
"05/16/2022, 14:37:47",1
"05/16/2022, 14:37:50",1
"05/16/2022, 14:37:53",1
"05/16/2022, 14:37:56",1
"05/16/2022, 14:37:59",1
"05/16/2022, 14:38:02",1
"05/16/2022, 14:38:05",1
"05/16/2022, 14:38:08",1
"05/16/2022, 14:38:11",1
"05/16/2022, 14:38:14",1
"05/16/2022, 14:38:17",1
"05/16/2022, 14:38:20",1
"05/16/2022, 14:38:23",1
"05/16/2022, 14:38:26",1
"05/16/2022, 14:38:29",1
"05/16/2022, 14:38:32",1
"05/16/2022, 14:38:35",1
"05/16/2022, 14:38:38",1
"05/16/2022, 14:38:41",1
"05/16/2022, 14:38:44",1
"05/16/2022, 14:38:47",1
"05/16/2022, 14:38:50",1
"05/16/2022, 14:38:53",1
"05/16/2022, 14:38:56",1
"05/16/2022, 14:38:59",1
"05/16/2022, 14:39:02",1
"05/16/2022, 14:39:05",1
"05/16/2022, 14:39:08",1
"05/16/2022, 14:39:11",1
"05/16/2022, 14:39:14",1
"05/16/2022, 14:39:17",1
"05/16/2022, 14:39:20",1
"05/16/2022, 14:39:23",1
"05/16/2022, 14:39:26",1
"05/16/2022, 14:39:29",1
"05/16/2022, 14:39:32",1
"05/16/2022, 14:39:35",1
"05/16/2022, 14:39:38",1
"05/16/2022, 14:39:41",1
"05/16/2022, 14:39:44",1
"05/16/2022, 14:39:47",1
"05/16/2022, 14:39:50",1
"05/16/2022, 14:39:53",1
"05/16/2022, 14:39:56",1
"05/16/2022, 14:39:59",1
"05/16/2022, 14:40:02",1
"05/16/2022, 14:40:05",1
"05/16/2022, 14:40:08",1
"05/16/2022, 14:40:11",1
"05/16/2022, 14:40:14",1
"05/16/2022, 14:40:17",1
"05/16/2022, 14:40:20",1
"05/16/2022, 14:40:23",1
"05/16/2022, 14:40:26",1
"05/16/2022, 14:40:29",1
"05/16/2022, 14:40:32",1
"05/16/2022, 14:40:35",1
"05/16/2022, 14:40:38",1
"05/16/2022, 14:40:41",1
"05/16/2022, 14:40:44",1
"05/16/2022, 14:40:47",1
"05/16/2022, 14:40:50",1
"05/16/2022, 14:40:53",1
"05/16/2022, 14:40:56",1
"05/16/2022, 14:40:59",1
"05/16/2022, 14:41:02",1
"05/16/2022, 14:41:05",1
"05/16/2022, 14:41:08",1
"05/16/2022, 14:41:11",1
"05/16/2022, 14:41:14",1
"05/16/2022, 14:41:17",1
"05/16/2022, 14:41:20",1
"05/16/2022, 14:41:23",1
"05/16/2022, 14:41:26",1
"05/16/2022, 14:41:29",1
"05/16/2022, 14:41:32",1
"05/16/2022, 14:41:35",1
"05/16/2022, 14:41:38",1
"05/16/2022, 14:41:41",1
"05/16/2022, 14:41:44",1
"05/16/2022, 14:41:47",1
"05/16/2022, 14:41:50",1
"05/16/2022, 14:41:53",1
"05/16/2022, 14:41:56",1
"05/16/2022, 14:41:59",1
"05/16/2022, 14:42:02",1
"05/16/2022, 14:42:05",1
"05/16/2022, 14:42:08",1
"05/16/2022, 14:42:11",1
"05/16/2022, 14:42:14",1
"05/16/2022, 14:42:17",1
"05/16/2022, 14:42:20",1
"05/16/2022, 14:42:23",1
"05/16/2022, 14:42:26",1
"05/16/2022, 14:42:29",1
"05/16/2022, 14:42:32",1
"05/16/2022, 14:42:35",1
"05/16/2022, 14:42:38",1
"05/16/2022, 14:42:41",1
"05/16/2022, 14:42:44",1
"05/16/2022, 14:42:47",1
"05/16/2022, 14:42:50",1
"05/16/2022, 14:42:53",1
"05/16/2022, 14:42:56",1
"05/16/2022, 14:42:59",1
"05/16/2022, 14:43:02",1
"05/16/2022, 14:43:05",1
"05/16/2022, 14:43:08",1
"05/16/2022, 14:43:11",1
"05/16/2022, 14:43:14",1
"05/16/2022, 14:43:17",1
"05/16/2022, 14:43:20",1
"05/16/2022, 14:43:23",1
"05/16/2022, 14:43:26",1
"05/16/2022, 14:43:29",1
"05/16/2022, 14:43:32",1
"05/16/2022, 14:43:35",1
"05/16/2022, 14:43:38",1
"05/16/2022, 14:43:41",1
"05/16/2022, 14:43:44",1
"05/16/2022, 14:43:47",1
"05/16/2022, 14:43:50",1
"05/16/2022, 14:43:53",1
"05/16/2022, 14:43:56",1
"05/16/2022, 14:43:59",1
"05/16/2022, 14:44:02",1
time,flowcount
"05/16/2022, 14:55:55",1
"05/16/2022, 14:55:58",1
"05/16/2022, 14:56:01",1
"05/16/2022, 14:56:04",1
"05/16/2022, 14:56:07",1
"05/16/2022, 14:56:10",1
"05/16/2022, 14:56:13",1
"05/16/2022, 14:56:16",1
"05/16/2022, 14:56:19",1
"05/16/2022, 14:56:22",1
"05/16/2022, 14:56:25",1
"05/16/2022, 14:56:28",1
"05/16/2022, 14:56:31",1
"05/16/2022, 14:56:34",1
"05/16/2022, 14:56:37",1
"05/16/2022, 14:56:40",1
"05/16/2022, 14:56:43",1
"05/16/2022, 14:56:46",1
"05/16/2022, 14:56:49",1
"05/16/2022, 14:56:52",1
"05/16/2022, 14:56:55",1
"05/16/2022, 14:56:58",1
"05/16/2022, 14:57:01",1
"05/16/2022, 14:57:04",1
"05/16/2022, 14:57:07",1
"05/16/2022, 14:57:10",1
"05/16/2022, 14:57:13",1
"05/16/2022, 14:57:16",1
"05/16/2022, 14:57:19",1
"05/16/2022, 14:57:22",1
"05/16/2022, 14:57:25",1
"05/16/2022, 14:57:28",1
"05/16/2022, 14:57:31",1
"05/16/2022, 14:57:34",1
"05/16/2022, 14:57:37",1
"05/16/2022, 14:57:40",1
"05/16/2022, 14:57:43",1
"05/16/2022, 14:57:47",1
"05/16/2022, 14:57:50",1
"05/16/2022, 14:57:53",1
"05/16/2022, 14:57:56",1
"05/16/2022, 14:57:59",1
"05/16/2022, 14:58:02",1
"05/16/2022, 14:58:05",1
"05/16/2022, 14:58:08",1
"05/16/2022, 14:58:11",1
"05/16/2022, 14:58:14",1
"05/16/2022, 14:58:17",1
"05/16/2022, 14:58:20",1
"05/16/2022, 14:58:23",1
"05/16/2022, 14:58:26",1
"05/16/2022, 14:58:29",1
"05/16/2022, 14:58:32",1
"05/16/2022, 14:58:35",1
"05/16/2022, 14:58:38",1
"05/16/2022, 14:58:41",1
"05/16/2022, 14:58:44",1
"05/16/2022, 14:58:47",1
"05/16/2022, 14:58:50",1
"05/16/2022, 14:58:53",1
"05/16/2022, 14:58:56",1
"05/16/2022, 14:59:00",1
"05/16/2022, 14:59:03",1
"05/16/2022, 14:59:06",1
"05/16/2022, 14:59:09",1
"05/16/2022, 14:59:12",1
"05/16/2022, 14:59:15",1
"05/16/2022, 14:59:18",1
"05/16/2022, 14:59:21",1
"05/16/2022, 14:59:24",1
"05/16/2022, 14:59:27",1
"05/16/2022, 14:59:30",1
"05/16/2022, 14:59:33",1
"05/16/2022, 14:59:36",1
"05/16/2022, 14:59:39",1
"05/16/2022, 14:59:42",1
"05/16/2022, 14:59:45",1
"05/16/2022, 14:59:48",1
"05/16/2022, 14:59:51",1
"05/16/2022, 14:59:55",1
"05/16/2022, 14:59:58",1
"05/16/2022, 14:59:58",1
"05/16/2022, 15:00:04",1
"05/16/2022, 15:00:04",1
"05/16/2022, 15:00:07",1
"05/16/2022, 15:00:10",1
"05/16/2022, 15:00:14",1
"05/16/2022, 15:00:17",1
"05/16/2022, 15:00:21",1
"05/16/2022, 15:00:24",1
"05/16/2022, 15:00:28",1
"05/16/2022, 15:00:31",1
"05/16/2022, 15:00:35",1
"05/16/2022, 15:00:42",13839
"05/16/2022, 15:00:45",1
"05/16/2022, 15:00:49",1
"05/16/2022, 15:00:53",1
"05/16/2022, 15:00:56",1
"05/16/2022, 15:00:58",1
"05/16/2022, 15:01:00",1
"05/16/2022, 15:01:04",1
"05/16/2022, 15:01:08",1
"05/16/2022, 15:01:12",1
"05/16/2022, 15:01:17",1
"05/16/2022, 15:01:21",1
"05/16/2022, 15:01:25",1
"05/16/2022, 15:01:29",1
"05/16/2022, 15:01:34",1
"05/16/2022, 15:01:38",1
"05/16/2022, 15:01:43",1
"05/16/2022, 15:01:48",1
"05/16/2022, 15:01:53",1
"05/16/2022, 15:01:58",1
"05/16/2022, 15:02:04",1
"05/16/2022, 15:02:09",1
"05/16/2022, 15:02:16",1
"05/16/2022, 15:02:22",1
"05/16/2022, 15:02:29",1
"05/16/2022, 15:02:35",1
"05/16/2022, 15:02:43",1
"05/16/2022, 15:02:50",1
"05/16/2022, 15:02:58",1
"05/16/2022, 15:03:07",1
"05/16/2022, 15:03:15",1
"05/16/2022, 15:03:25",1
"05/16/2022, 15:03:34",1
"05/16/2022, 15:03:44",1
time,flowcount
"05/16/2022, 15:04:04",1
time,flowcount
"05/16/2022, 15:04:31",1
time,flowcount
"05/16/2022, 15:04:45",1
time,flowcount
"05/16/2022, 15:04:58",1
time,flowcount
"05/16/2022, 15:05:12",1
time,flowcount
"05/16/2022, 15:05:26",1
time,flowcount
"05/16/2022, 15:05:39",1
time,flowcount
"05/16/2022, 15:05:52",1
time,flowcount
"05/16/2022, 15:06:06",1
time,flowcount
"05/16/2022, 15:06:20",1
time,flowcount
"05/16/2022, 15:06:34",1
time,flowcount
"05/16/2022, 15:06:48",1
time,flowcount
"05/16/2022, 15:07:01",1
time,flowcount
"05/16/2022, 15:07:15",1
time,flowcount
"05/16/2022, 15:07:29",1
time,flowcount
"05/16/2022, 15:07:42",1
time,flowcount
"05/16/2022, 15:07:55",1
time,flowcount
"05/16/2022, 15:08:09",1
time,flowcount
"05/16/2022, 15:08:22",1
time,flowcount
"05/16/2022, 15:08:36",1
time,flowcount
"05/16/2022, 15:08:49",1
time,flowcount
"05/16/2022, 15:09:03",1
time,flowcount
"05/16/2022, 15:09:16",1
time,flowcount
"05/16/2022, 15:09:30",1
time,flowcount
"05/16/2022, 15:09:44",1
time,flowcount
"05/16/2022, 15:09:58",1
time,flowcount
"05/16/2022, 15:10:11",1
time,flowcount
"05/16/2022, 15:10:25",1
time,flowcount
"05/16/2022, 15:10:39",1
time,flowcount
"05/16/2022, 15:10:53",1
time,flowcount
"05/16/2022, 15:11:06",1
time,flowcount
"05/16/2022, 15:11:20",1
time,flowcount
"05/16/2022, 15:11:33",1
time,flowcount
"05/16/2022, 15:11:47",1
time,flowcount
"05/16/2022, 15:12:00",1
time,flowcount
"05/16/2022, 15:12:14",1
time,flowcount
"05/16/2022, 15:12:28",1
time,flowcount
"05/16/2022, 15:12:42",1
time,flowcount
"05/16/2022, 15:31:34",1
"05/16/2022, 15:31:37",1
"05/16/2022, 15:31:40",1
"05/16/2022, 15:31:43",1
"05/16/2022, 15:31:46",1
"05/16/2022, 15:31:49",1
"05/16/2022, 15:31:52",1
"05/16/2022, 15:31:55",1
"05/16/2022, 15:31:58",1
"05/16/2022, 15:32:01",1
"05/16/2022, 15:32:04",1
"05/16/2022, 15:32:07",1
"05/16/2022, 15:32:10",1
"05/16/2022, 15:32:13",1
"05/16/2022, 15:32:16",1
"05/16/2022, 15:32:19",1
"05/16/2022, 15:32:22",1
"05/16/2022, 15:32:25",1
"05/16/2022, 15:32:28",1
"05/16/2022, 15:32:31",1
"05/16/2022, 15:32:34",1
"05/16/2022, 15:32:37",1
"05/16/2022, 15:32:40",1
"05/16/2022, 15:32:43",1
"05/16/2022, 15:32:46",1
"05/16/2022, 15:32:49",1
"05/16/2022, 15:32:52",1
"05/16/2022, 15:32:55",1
"05/16/2022, 15:32:58",1
"05/16/2022, 15:33:01",1
"05/16/2022, 15:33:04",1
"05/16/2022, 15:33:07",1
"05/16/2022, 15:33:10",1
"05/16/2022, 15:33:13",1
"05/16/2022, 15:33:16",1
"05/16/2022, 15:33:19",1
"05/16/2022, 15:33:22",1
"05/16/2022, 15:33:25",1
"05/16/2022, 15:33:28",1
"05/16/2022, 15:33:31",1
"05/16/2022, 15:33:34",1
"05/16/2022, 15:33:37",1
"05/16/2022, 15:33:40",1
"05/16/2022, 15:33:43",1
"05/16/2022, 15:33:46",1
"05/16/2022, 15:33:49",1
"05/16/2022, 15:33:52",1
"05/16/2022, 15:33:55",1
"05/16/2022, 15:33:58",1
"05/16/2022, 15:34:01",1
"05/16/2022, 15:34:04",1
"05/16/2022, 15:34:07",1
"05/16/2022, 15:34:10",1
"05/16/2022, 15:34:13",1
"05/16/2022, 15:34:16",1
"05/16/2022, 15:34:19",1
"05/16/2022, 15:34:22",1
"05/16/2022, 15:34:25",1
"05/16/2022, 15:34:28",1
"05/16/2022, 15:34:31",1
"05/16/2022, 15:34:34",1
"05/16/2022, 15:34:37",1
"05/16/2022, 15:34:40",1
"05/16/2022, 15:34:43",1
"05/16/2022, 15:34:46",1
"05/16/2022, 15:34:49",1
"05/16/2022, 15:34:52",1
"05/16/2022, 15:34:55",1
"05/16/2022, 15:34:58",1
"05/16/2022, 15:35:01",1
"05/16/2022, 15:35:04",1
"05/16/2022, 15:35:07",1
"05/16/2022, 15:35:10",1
"05/16/2022, 15:35:13",1
"05/16/2022, 15:35:16",1
"05/16/2022, 15:35:19",1
"05/16/2022, 15:35:22",1
"05/16/2022, 15:35:25",1
"05/16/2022, 15:35:28",1
"05/16/2022, 15:35:31",1
"05/16/2022, 15:35:34",1
"05/16/2022, 15:35:37",1
"05/16/2022, 15:35:40",1
"05/16/2022, 15:35:43",1
"05/16/2022, 15:35:46",1
"05/16/2022, 15:35:49",1
"05/16/2022, 15:35:52",1
"05/16/2022, 15:35:55",1
"05/16/2022, 15:35:58",1
"05/16/2022, 15:36:01",1
"05/16/2022, 15:36:04",1
"05/16/2022, 15:36:07",1
"05/16/2022, 15:36:10",1
"05/16/2022, 15:36:13",1
"05/16/2022, 15:36:16",1
"05/16/2022, 15:36:19",1
"05/16/2022, 15:36:22",1
"05/16/2022, 15:36:25",1
"05/16/2022, 15:36:28",1
"05/16/2022, 15:36:31",1
"05/16/2022, 15:36:34",1
"05/16/2022, 15:36:37",1
"05/16/2022, 15:36:40",1
"05/16/2022, 15:36:43",1
"05/16/2022, 15:36:46",1
"05/16/2022, 15:36:49",1
"05/16/2022, 15:36:52",1
"05/16/2022, 15:36:55",1
"05/16/2022, 15:36:58",1
"05/16/2022, 15:37:01",1
"05/16/2022, 15:37:04",1
"05/16/2022, 15:37:07",1
"05/16/2022, 15:37:10",1
"05/16/2022, 15:37:13",1
"05/16/2022, 15:37:16",1
"05/16/2022, 15:37:19",1
"05/16/2022, 15:37:22",1
"05/16/2022, 15:37:25",1
"05/16/2022, 15:37:28",1
"05/16/2022, 15:37:31",1
"05/16/2022, 15:37:34",1
"05/16/2022, 15:37:37",1
"05/16/2022, 15:37:40",1
"05/16/2022, 15:37:43",1
"05/16/2022, 15:37:46",1
"05/16/2022, 15:37:49",1
"05/16/2022, 15:37:52",1
"05/16/2022, 15:37:55",1
"05/16/2022, 15:37:58",1
"05/16/2022, 15:38:01",1
"05/16/2022, 15:38:04",1
"05/16/2022, 15:38:07",1
"05/16/2022, 15:38:10",1
"05/16/2022, 15:38:13",1
"05/16/2022, 15:38:16",1
"05/16/2022, 15:38:19",1
"05/16/2022, 15:38:22",1
"05/16/2022, 15:38:25",1
"05/16/2022, 15:38:28",1
"05/16/2022, 15:38:31",1
"05/16/2022, 15:38:35",1
"05/16/2022, 15:38:37",1
"05/16/2022, 15:38:40",1
"05/16/2022, 15:38:43",1
"05/16/2022, 15:38:46",1
"05/16/2022, 15:38:49",1
"05/16/2022, 15:38:52",1
"05/16/2022, 15:38:55",1
"05/16/2022, 15:38:58",1
"05/16/2022, 15:39:02",1
"05/16/2022, 15:39:05",1
"05/16/2022, 15:39:08",1
"05/16/2022, 15:39:11",1
"05/16/2022, 15:39:14",1
"05/16/2022, 15:39:17",1
"05/16/2022, 15:39:20",1
"05/16/2022, 15:39:23",1
"05/16/2022, 15:39:26",1
"05/16/2022, 15:39:29",1
"05/16/2022, 15:39:32",1
"05/16/2022, 15:39:35",1
"05/16/2022, 15:39:38",1
"05/16/2022, 15:39:41",1
"05/16/2022, 15:39:44",1
"05/16/2022, 15:39:47",1
"05/16/2022, 15:39:50",1
"05/16/2022, 15:39:53",1
"05/16/2022, 15:39:56",1
"05/16/2022, 15:39:59",1
"05/16/2022, 15:40:02",1
"05/16/2022, 15:40:05",1
"05/16/2022, 15:40:08",1
"05/16/2022, 15:40:11",1
"05/16/2022, 15:40:14",1
"05/16/2022, 15:40:17",1
"05/16/2022, 15:40:20",1
"05/16/2022, 15:40:23",1
"05/16/2022, 15:40:26",1
"05/16/2022, 15:40:29",1
"05/16/2022, 15:40:32",1
"05/16/2022, 15:40:35",1
"05/16/2022, 15:40:38",1
"05/16/2022, 15:40:41",1
"05/16/2022, 15:40:44",1
"05/16/2022, 15:40:47",1
"05/16/2022, 15:40:50",1
"05/16/2022, 15:40:53",1
"05/16/2022, 15:40:56",1
"05/16/2022, 15:40:59",1
"05/16/2022, 15:41:02",1
"05/16/2022, 15:41:05",1
"05/16/2022, 15:41:08",1
"05/16/2022, 15:41:11",1
"05/16/2022, 15:41:14",1
"05/16/2022, 15:41:17",1
"05/16/2022, 15:41:20",1
"05/16/2022, 15:41:23",1
"05/16/2022, 15:41:26",1
"05/16/2022, 15:41:29",1
"05/16/2022, 15:41:32",1
"05/16/2022, 15:41:35",1
"05/16/2022, 15:41:38",1
"05/16/2022, 15:41:41",1
"05/16/2022, 15:41:44",1
"05/16/2022, 15:41:47",1
"05/16/2022, 15:41:50",1
"05/16/2022, 15:41:53",1
"05/16/2022, 15:41:56",1
"05/16/2022, 15:41:59",1
"05/16/2022, 15:42:02",1
"05/16/2022, 15:42:05",1
"05/16/2022, 15:42:08",1
"05/16/2022, 15:42:11",1
"05/16/2022, 15:42:14",1
"05/16/2022, 15:42:17",1
"05/16/2022, 15:42:20",1
"05/16/2022, 15:42:23",1
"05/16/2022, 15:42:26",1
"05/16/2022, 15:42:29",1
"05/16/2022, 15:42:32",1
"05/16/2022, 15:42:35",1
"05/16/2022, 15:42:38",1
"05/16/2022, 15:42:41",1
"05/16/2022, 15:42:44",1
"05/16/2022, 15:42:47",1
"05/16/2022, 15:42:50",1
"05/16/2022, 15:42:53",1
"05/16/2022, 15:42:56",1
"05/16/2022, 15:42:59",1
"05/16/2022, 15:43:02",1
"05/16/2022, 15:43:05",1
"05/16/2022, 15:43:08",1
"05/16/2022, 15:43:11",1
"05/16/2022, 15:43:14",1
"05/16/2022, 15:43:17",1
"05/16/2022, 15:43:20",1
"05/16/2022, 15:43:23",1
"05/16/2022, 15:43:26",1
"05/16/2022, 15:43:29",1
"05/16/2022, 15:43:32",1
"05/16/2022, 15:43:35",1
"05/16/2022, 15:43:38",1
"05/16/2022, 15:43:41",1
"05/16/2022, 15:43:44",1
"05/16/2022, 15:43:47",1
"05/16/2022, 15:43:50",1
"05/16/2022, 15:43:53",1
"05/16/2022, 15:43:56",1
"05/16/2022, 15:43:59",1
"05/16/2022, 15:44:02",1
"05/16/2022, 15:44:05",1
"05/16/2022, 15:44:08",1
"05/16/2022, 15:44:11",1
"05/16/2022, 15:44:14",1
"05/16/2022, 15:44:17",1
"05/16/2022, 15:44:20",1
"05/16/2022, 15:44:23",1
"05/16/2022, 15:44:26",1
"05/16/2022, 15:44:29",1
"05/16/2022, 15:44:32",1
"05/16/2022, 15:44:35",1
"05/16/2022, 15:44:38",1
"05/16/2022, 15:44:41",1
"05/16/2022, 15:44:44",1
"05/16/2022, 15:44:47",1
"05/16/2022, 15:44:50",1
"05/16/2022, 15:44:53",1
"05/16/2022, 15:44:56",1
"05/16/2022, 15:44:59",1
"05/16/2022, 15:45:02",1
"05/16/2022, 15:45:05",1
"05/16/2022, 15:45:08",1
"05/16/2022, 15:45:11",1
"05/16/2022, 15:45:14",1
"05/16/2022, 15:45:17",1
"05/16/2022, 15:45:20",1
"05/16/2022, 15:45:23",1
"05/16/2022, 15:45:26",1
"05/16/2022, 15:45:29",1
"05/16/2022, 15:45:32",1
"05/16/2022, 15:45:35",1
"05/16/2022, 15:45:38",1
"05/16/2022, 15:45:41",1
"05/16/2022, 15:45:44",1
"05/16/2022, 15:45:47",1
"05/16/2022, 15:45:50",1
"05/16/2022, 15:45:53",1
"05/16/2022, 15:45:56",1
"05/16/2022, 15:45:59",1
"05/16/2022, 15:46:02",1
"05/16/2022, 15:46:05",1
"05/16/2022, 15:46:08",1
"05/16/2022, 15:46:11",1
"05/16/2022, 15:46:14",1
"05/16/2022, 15:46:17",1
"05/16/2022, 15:46:20",1
"05/16/2022, 15:46:23",1
"05/16/2022, 15:46:26",1
"05/16/2022, 15:46:29",1
"05/16/2022, 15:46:32",1
"05/16/2022, 15:46:35",1
"05/16/2022, 15:46:38",1
"05/16/2022, 15:46:41",1
"05/16/2022, 15:46:44",1
"05/16/2022, 15:46:47",1
"05/16/2022, 15:46:50",1
"05/16/2022, 15:46:53",1
"05/16/2022, 15:46:56",1
"05/16/2022, 15:46:59",1
"05/16/2022, 15:47:02",1
"05/16/2022, 15:47:05",1
"05/16/2022, 15:47:08",1
"05/16/2022, 15:47:11",1
"05/16/2022, 15:47:14",1
"05/16/2022, 15:47:17",1
"05/16/2022, 15:47:20",1
"05/16/2022, 15:47:23",1
"05/16/2022, 15:47:26",1
"05/16/2022, 15:47:29",1
"05/16/2022, 15:47:32",1
"05/16/2022, 15:47:35",1
"05/16/2022, 15:47:38",1
"05/16/2022, 15:47:41",1
"05/16/2022, 15:47:44",1
"05/16/2022, 15:47:47",1
"05/16/2022, 15:47:50",1
"05/16/2022, 15:47:53",1
"05/16/2022, 15:47:56",1
"05/16/2022, 15:47:59",1
"05/16/2022, 15:48:02",1
"05/16/2022, 15:48:05",1
"05/16/2022, 15:48:08",1
"05/16/2022, 15:48:11",1
"05/16/2022, 15:48:14",1
time,flowcount
"05/16/2022, 15:52:33",1
"05/16/2022, 15:52:36",1
"05/16/2022, 15:52:39",1
"05/16/2022, 15:52:42",1
"05/16/2022, 15:52:45",1
"05/16/2022, 15:52:48",1
"05/16/2022, 15:52:51",1
"05/16/2022, 15:52:54",1
"05/16/2022, 15:52:57",1
"05/16/2022, 15:53:00",1
"05/16/2022, 15:53:03",1
"05/16/2022, 15:53:06",1
"05/16/2022, 15:53:09",1
"05/16/2022, 15:53:12",1
"05/16/2022, 15:53:15",1
"05/16/2022, 15:53:18",1
"05/16/2022, 15:53:21",1
"05/16/2022, 15:53:24",1
"05/16/2022, 15:53:27",1
"05/16/2022, 15:53:30",1
"05/16/2022, 15:53:33",1
"05/16/2022, 15:53:36",1
"05/16/2022, 15:53:39",1
"05/16/2022, 15:53:42",1
"05/16/2022, 15:53:45",1
"05/16/2022, 15:53:48",1
"05/16/2022, 15:53:51",1
"05/16/2022, 15:53:54",1
"05/16/2022, 15:53:57",1
"05/16/2022, 15:54:00",1
"05/16/2022, 15:54:03",1
"05/16/2022, 15:54:06",1
"05/16/2022, 15:54:09",1
"05/16/2022, 15:54:12",1
"05/16/2022, 15:54:15",1
"05/16/2022, 15:54:18",1
"05/16/2022, 15:54:21",1
"05/16/2022, 15:54:24",1
"05/16/2022, 15:54:27",1
"05/16/2022, 15:54:30",1
"05/16/2022, 15:54:33",1
"05/16/2022, 15:54:36",1
"05/16/2022, 15:54:39",1
"05/16/2022, 15:54:42",1
"05/16/2022, 15:54:45",1
"05/16/2022, 15:54:48",1
"05/16/2022, 15:54:51",1
"05/16/2022, 15:54:54",1
"05/16/2022, 15:54:57",1
"05/16/2022, 15:55:00",1
"05/16/2022, 15:55:03",1
"05/16/2022, 15:55:06",1
"05/16/2022, 15:55:09",1
"05/16/2022, 15:55:12",1
"05/16/2022, 15:55:15",1
"05/16/2022, 15:55:18",1
"05/16/2022, 15:55:21",1
"05/16/2022, 15:55:24",1
"05/16/2022, 15:55:27",1
"05/16/2022, 15:55:30",1
"05/16/2022, 15:55:33",1
"05/16/2022, 15:55:36",1
"05/16/2022, 15:55:39",1
"05/16/2022, 15:55:42",1
"05/16/2022, 15:55:45",1
"05/16/2022, 15:55:48",1
"05/16/2022, 15:55:51",1
"05/16/2022, 15:55:54",1
"05/16/2022, 15:55:57",1
"05/16/2022, 15:56:00",1
"05/16/2022, 15:56:03",1
"05/16/2022, 15:56:06",1
"05/16/2022, 15:56:09",1
"05/16/2022, 15:56:12",1
"05/16/2022, 15:56:15",1
"05/16/2022, 15:56:18",1
"05/16/2022, 15:56:21",1
"05/16/2022, 15:56:24",1
"05/16/2022, 15:56:27",1
"05/16/2022, 15:56:30",1
"05/16/2022, 15:56:33",1
"05/16/2022, 15:56:36",1
"05/16/2022, 15:56:39",1
"05/16/2022, 15:56:42",1
"05/16/2022, 15:56:45",1
"05/16/2022, 15:56:48",1
"05/16/2022, 15:56:51",1
"05/16/2022, 15:56:54",1
"05/16/2022, 15:56:57",1
"05/16/2022, 15:57:00",1
"05/16/2022, 15:57:03",1
"05/16/2022, 15:57:06",1
"05/16/2022, 15:57:09",1
"05/16/2022, 15:57:12",1
"05/16/2022, 15:57:15",1
"05/16/2022, 15:57:18",1
"05/16/2022, 15:57:21",1
"05/16/2022, 15:57:24",1
"05/16/2022, 15:57:27",1
"05/16/2022, 15:57:30",1
"05/16/2022, 15:57:33",1
"05/16/2022, 15:57:36",1
"05/16/2022, 15:57:39",1
"05/16/2022, 15:57:42",1
"05/16/2022, 15:57:45",1
"05/16/2022, 15:57:48",1
"05/16/2022, 15:57:51",1
"05/16/2022, 15:57:54",1
"05/16/2022, 15:57:57",1
"05/16/2022, 15:58:00",1
"05/16/2022, 15:58:03",1
"05/16/2022, 15:58:06",1
"05/16/2022, 15:58:09",1
"05/16/2022, 15:58:12",1
"05/16/2022, 15:58:15",1
"05/16/2022, 15:58:18",1
"05/16/2022, 15:58:21",1
"05/16/2022, 15:58:24",1
"05/16/2022, 15:58:27",1
"05/16/2022, 15:58:30",1
"05/16/2022, 15:58:33",1
"05/16/2022, 15:58:36",1
"05/16/2022, 15:58:39",1
"05/16/2022, 15:58:42",1
"05/16/2022, 15:58:45",1
"05/16/2022, 15:58:48",1
"05/16/2022, 15:58:51",1
"05/16/2022, 15:58:54",1
"05/16/2022, 15:58:57",1
"05/16/2022, 15:59:00",1
"05/16/2022, 15:59:03",1
"05/16/2022, 15:59:06",1
"05/16/2022, 15:59:09",1
"05/16/2022, 15:59:12",1
"05/16/2022, 15:59:15",1
"05/16/2022, 15:59:18",1
"05/16/2022, 15:59:21",1
"05/16/2022, 15:59:24",1
"05/16/2022, 15:59:27",1
"05/16/2022, 15:59:30",1
"05/16/2022, 15:59:33",1
"05/16/2022, 15:59:36",1
"05/16/2022, 15:59:39",1
"05/16/2022, 15:59:42",1
"05/16/2022, 15:59:45",1
"05/16/2022, 15:59:48",1
"05/16/2022, 15:59:51",1
"05/16/2022, 15:59:54",1
"05/16/2022, 15:59:57",1
"05/16/2022, 16:00:00",1
"05/16/2022, 16:00:03",1
"05/16/2022, 16:00:06",1
"05/16/2022, 16:00:09",1
"05/16/2022, 16:00:12",1
"05/16/2022, 16:00:15",1
"05/16/2022, 16:00:18",1
"05/16/2022, 16:00:21",1
"05/16/2022, 16:00:24",1
"05/16/2022, 16:00:27",1
"05/16/2022, 16:00:30",1
"05/16/2022, 16:00:33",1
"05/16/2022, 16:00:36",1
"05/16/2022, 16:00:39",1
"05/16/2022, 16:00:42",1
"05/16/2022, 16:00:45",1
"05/16/2022, 16:00:48",1
"05/16/2022, 16:00:51",1
"05/16/2022, 16:00:54",1
"05/16/2022, 16:00:57",1
"05/16/2022, 16:01:00",1
"05/16/2022, 16:01:03",1
"05/16/2022, 16:01:06",1
"05/16/2022, 16:01:09",1
"05/16/2022, 16:01:12",1
"05/16/2022, 16:01:15",1
"05/16/2022, 16:01:18",1
"05/16/2022, 16:01:21",1
"05/16/2022, 16:01:24",1
"05/16/2022, 16:01:27",1
"05/16/2022, 16:01:30",1
"05/16/2022, 16:01:33",1
"05/16/2022, 16:01:36",1
"05/16/2022, 16:01:39",1
"05/16/2022, 16:01:42",1
"05/16/2022, 16:01:45",1
"05/16/2022, 16:01:48",1
"05/16/2022, 16:01:51",1
"05/16/2022, 16:01:54",1
"05/16/2022, 16:01:57",1
"05/16/2022, 16:02:00",1
"05/16/2022, 16:02:03",1
"05/16/2022, 16:02:06",1
"05/16/2022, 16:02:09",1
"05/16/2022, 16:02:12",1
"05/16/2022, 16:02:15",1
"05/16/2022, 16:02:18",1
"05/16/2022, 16:02:21",1
"05/16/2022, 16:02:24",1
"05/16/2022, 16:02:27",1
"05/16/2022, 16:02:30",1
"05/16/2022, 16:02:33",1
"05/16/2022, 16:02:36",1
"05/16/2022, 16:02:39",1
"05/16/2022, 16:02:42",1
"05/16/2022, 16:02:45",1
"05/16/2022, 16:02:48",1
"05/16/2022, 16:02:51",1
"05/16/2022, 16:02:54",1
"05/16/2022, 16:02:57",1
"05/16/2022, 16:03:00",1
"05/16/2022, 16:03:03",1
"05/16/2022, 16:03:06",1
"05/16/2022, 16:03:09",1
"05/16/2022, 16:03:12",1
"05/16/2022, 16:03:15",1
"05/16/2022, 16:03:18",1
"05/16/2022, 16:03:21",1
"05/16/2022, 16:03:24",1
"05/16/2022, 16:03:27",1
"05/16/2022, 16:03:30",1
"05/16/2022, 16:03:33",1
"05/16/2022, 16:03:36",1
"05/16/2022, 16:03:39",1
"05/16/2022, 16:03:42",1
"05/16/2022, 16:03:45",1
"05/16/2022, 16:03:48",1
"05/16/2022, 16:03:51",1
"05/16/2022, 16:03:54",1
"05/16/2022, 16:03:57",1
"05/16/2022, 16:04:00",1
"05/16/2022, 16:04:03",1
"05/16/2022, 16:04:06",1
"05/16/2022, 16:04:09",1
"05/16/2022, 16:04:12",1
"05/16/2022, 16:04:15",1
"05/16/2022, 16:04:18",1
"05/16/2022, 16:04:21",1
"05/16/2022, 16:04:24",1
"05/16/2022, 16:04:27",1
"05/16/2022, 16:04:30",1
"05/16/2022, 16:04:33",1
"05/16/2022, 16:04:36",1
"05/16/2022, 16:04:39",1
"05/16/2022, 16:04:42",1
"05/16/2022, 16:04:45",1
"05/16/2022, 16:04:48",1
"05/16/2022, 16:04:51",1
"05/16/2022, 16:04:54",1
"05/16/2022, 16:04:57",1
"05/16/2022, 16:05:00",1
"05/16/2022, 16:05:03",1
"05/16/2022, 16:05:06",1
"05/16/2022, 16:05:09",1
"05/16/2022, 16:05:12",1
"05/16/2022, 16:05:15",1
"05/16/2022, 16:05:18",1
"05/16/2022, 16:05:21",1
"05/16/2022, 16:05:24",1
"05/16/2022, 16:05:27",1
"05/16/2022, 16:05:30",1
"05/16/2022, 16:05:33",1
"05/16/2022, 16:05:36",1
"05/16/2022, 16:05:39",1
"05/16/2022, 16:05:42",1
"05/16/2022, 16:05:45",1
"05/16/2022, 16:05:48",1
"05/16/2022, 16:05:51",1
"05/16/2022, 16:05:54",1
"05/16/2022, 16:05:57",1
"05/16/2022, 16:06:00",1
"05/16/2022, 16:06:03",1
"05/16/2022, 16:06:06",1
"05/16/2022, 16:06:09",1
"05/16/2022, 16:06:12",1
"05/16/2022, 16:06:15",1
"05/16/2022, 16:06:18",1
"05/16/2022, 16:06:21",1
"05/16/2022, 16:06:24",1
"05/16/2022, 16:06:27",1
"05/16/2022, 16:06:30",1
"05/16/2022, 16:06:34",1
"05/16/2022, 16:06:37",1
"05/16/2022, 16:06:40",1
"05/16/2022, 16:06:43",1
"05/16/2022, 16:06:46",1
"05/16/2022, 16:06:49",1
"05/16/2022, 16:06:52",1
"05/16/2022, 16:06:55",1
"05/16/2022, 16:06:58",1
"05/16/2022, 16:07:01",1
"05/16/2022, 16:07:04",1
"05/16/2022, 16:07:07",1
"05/16/2022, 16:07:10",1
"05/16/2022, 16:07:13",1
"05/16/2022, 16:07:16",1
"05/16/2022, 16:07:19",1
"05/16/2022, 16:07:22",1
"05/16/2022, 16:07:25",1
"05/16/2022, 16:07:28",1
"05/16/2022, 16:07:31",1
"05/16/2022, 16:07:34",1
"05/16/2022, 16:07:37",1
"05/16/2022, 16:07:40",1
"05/16/2022, 16:07:43",1
"05/16/2022, 16:07:46",1
"05/16/2022, 16:07:49",1
"05/16/2022, 16:07:52",1
"05/16/2022, 16:07:55",1
"05/16/2022, 16:07:58",1
"05/16/2022, 16:08:01",1
"05/16/2022, 16:08:04",1
"05/16/2022, 16:08:07",1
"05/16/2022, 16:08:10",1
"05/16/2022, 16:08:13",1
"05/16/2022, 16:08:16",1
"05/16/2022, 16:08:19",1
"05/16/2022, 16:08:22",1
"05/16/2022, 16:08:25",1
"05/16/2022, 16:08:28",1
"05/16/2022, 16:08:31",1
"05/16/2022, 16:08:34",1
"05/16/2022, 16:08:37",1
"05/16/2022, 16:08:40",1
"05/16/2022, 16:08:43",1
"05/16/2022, 16:08:46",1
"05/16/2022, 16:08:49",1
"05/16/2022, 16:08:52",1
"05/16/2022, 16:08:55",1
"05/16/2022, 16:08:58",1
"05/16/2022, 16:09:01",1
"05/16/2022, 16:09:04",1
"05/16/2022, 16:09:07",1
"05/16/2022, 16:09:10",1
"05/16/2022, 16:09:13",1
