time,sfe,ssip,rfip,type
"04/02/2022, 15:16:27",-2,-2,1.0,0
"04/02/2022, 15:16:30",-10,-5,1.0,0
"04/02/2022, 15:16:33",-14,-6,1.0,0
"04/02/2022, 15:16:36",-18,-7,1.0,0
"04/02/2022, 15:16:39",-20,-7,1.0,0
"04/02/2022, 15:16:42",-24,-9,1.0,0
"04/02/2022, 15:16:45",-30,-9,1.0,0
"04/02/2022, 15:16:48",-38,-10,1.0,0
"04/02/2022, 15:16:51",-38,-10,1.0,0
"04/02/2022, 15:16:54",-48,-10,1.0,0
"04/02/2022, 15:16:57",-50,-10,1.0,0
"04/02/2022, 15:17:00",-52,-10,1.0,0
"04/02/2022, 15:17:03",-58,-10,1.0,0
"04/02/2022, 15:17:06",-58,-10,1.0,0
"04/02/2022, 15:17:09",-60,-10,1.0,0
"04/02/2022, 15:17:12",-66,-10,1.0,0
"04/02/2022, 15:17:15",-72,-10,1.0,0
"04/02/2022, 15:17:18",-72,-10,1.0,0
"04/02/2022, 15:17:21",-74,-10,1.0,0
"04/02/2022, 15:17:24",-78,-10,1.0,0
"04/02/2022, 15:17:27",-80,-10,1.0,0
"04/02/2022, 15:17:30",-80,-10,1.0,0
"04/02/2022, 15:17:33",-84,-10,1.0,0
"04/02/2022, 15:17:36",-84,-10,1.0,0
"04/02/2022, 15:17:39",-88,-10,1.0,0
"04/02/2022, 15:17:42",-88,-10,1.0,0
"04/02/2022, 15:17:45",-88,-10,1.0,0
"04/02/2022, 15:17:48",-88,-10,1.0,0
"04/02/2022, 15:17:51",-88,-10,1.0,0
"04/02/2022, 15:17:54",-88,-10,1.0,0
"04/02/2022, 15:17:57",-90,-10,1.0,0
"04/02/2022, 15:18:00",-90,-10,1.0,0
"04/02/2022, 15:18:03",-90,-10,1.0,0
"04/02/2022, 15:18:06",-90,-10,1.0,0
"04/02/2022, 15:18:09",-90,-10,1.0,0
"04/02/2022, 15:18:12",-90,-10,1.0,0
"04/02/2022, 15:18:15",-90,-10,1.0,0
"04/02/2022, 15:18:18",-90,-10,1.0,0
"04/02/2022, 15:18:21",-90,-10,1.0,0
"04/02/2022, 15:18:24",-90,-10,1.0,0
"04/02/2022, 15:18:27",-90,-10,1.0,0
"04/02/2022, 15:18:30",-90,-10,1.0,0
"04/02/2022, 15:18:33",-90,-10,1.0,0
"04/02/2022, 15:18:36",-90,-10,1.0,0
"04/02/2022, 15:18:39",-90,-10,1.0,0
"04/02/2022, 15:18:42",-90,-10,1.0,0
"04/02/2022, 15:18:45",-90,-10,1.0,0
"04/02/2022, 15:18:48",-90,-10,1.0,0
"04/02/2022, 15:18:51",-90,-10,1.0,0
"04/02/2022, 15:18:54",-90,-10,1.0,0
"04/02/2022, 15:18:57",-90,-10,1.0,0
"04/02/2022, 15:19:00",-90,-10,1.0,0
"04/02/2022, 15:19:03",-90,-10,1.0,0
"04/02/2022, 15:19:06",-90,-10,1.0,0
"04/02/2022, 15:19:09",-90,-10,1.0,0
"04/02/2022, 15:19:12",-90,-10,1.0,0
"04/02/2022, 15:19:15",-90,-10,1.0,0
"04/02/2022, 15:19:18",-90,-10,1.0,0
"04/02/2022, 15:19:21",-90,-10,1.0,0
"04/02/2022, 15:19:24",-90,-10,1.0,0
"04/02/2022, 15:19:27",-90,-10,1.0,0
"04/02/2022, 15:19:30",-90,-10,1.0,0
"04/02/2022, 15:19:33",-90,-10,1.0,0
"04/02/2022, 15:19:36",-90,-10,1.0,0
"04/02/2022, 15:19:39",-90,-10,1.0,0
"04/02/2022, 15:19:42",-90,-10,1.0,0
"04/02/2022, 15:19:45",0,0,1.0,0
"04/02/2022, 15:19:48",-90,-10,1.0,0
"04/02/2022, 15:19:51",-90,-10,1.0,0
"04/02/2022, 15:19:54",-90,-10,1.0,0
"04/02/2022, 15:19:57",-90,-10,1.0,0
"04/02/2022, 15:20:00",-90,-10,1.0,0
"04/02/2022, 15:20:03",-90,-10,1.0,0
"04/02/2022, 15:20:06",-90,-10,1.0,0
"04/02/2022, 15:20:09",-90,-10,1.0,0
"04/02/2022, 15:20:12",-90,-10,1.0,0
"04/02/2022, 15:20:15",-90,-10,1.0,0
"04/02/2022, 15:20:18",-90,-10,1.0,0
"04/02/2022, 15:20:21",-90,-10,1.0,0
"04/02/2022, 15:20:24",-90,-10,1.0,0
"04/02/2022, 15:20:27",-90,-10,1.0,0
"04/02/2022, 15:20:30",-90,-10,1.0,0
"04/02/2022, 15:20:33",-90,-10,1.0,0
"04/02/2022, 15:20:36",-90,-10,1.0,0
"04/02/2022, 15:20:39",-90,-10,1.0,0
"04/02/2022, 15:20:42",-90,-10,1.0,0
"04/02/2022, 15:20:45",-90,-10,1.0,0
"04/02/2022, 15:20:48",-90,-10,1.0,0
"04/02/2022, 15:20:51",-90,-10,1.0,0
"04/02/2022, 15:20:54",-90,-10,1.0,0
"04/02/2022, 15:20:57",-90,-10,1.0,0
"04/02/2022, 15:21:00",-90,-10,1.0,0
"04/02/2022, 15:21:03",-90,-10,1.0,0
"04/02/2022, 15:21:06",-90,-10,1.0,0
"04/02/2022, 15:21:09",-90,-10,1.0,0
"04/02/2022, 15:21:12",-90,-10,1.0,0
"04/02/2022, 15:21:15",-90,-10,1.0,0
"04/02/2022, 15:21:18",-90,-10,1.0,0
"04/02/2022, 15:21:21",-90,-10,1.0,0
"04/02/2022, 15:21:24",-90,-10,1.0,0
"04/02/2022, 15:21:27",-90,-10,1.0,0
time,sfe,ssip,rfip,type
"04/02/2022, 15:22:24",-238,-238,1.0,1
"04/02/2022, 15:22:27",-536,-536,1.0,1
"04/02/2022, 15:22:30",-833,-833,1.0,1
"04/02/2022, 15:22:33",-1018,-1018,1.0,1
"04/02/2022, 15:22:36",-1217,-1217,1.0,1
"04/02/2022, 15:22:39",-1416,-1416,1.0,1
"04/02/2022, 15:22:42",-1614,-1614,1.0,1
"04/02/2022, 15:22:45",-1813,-1813,1.0,1
"04/02/2022, 15:22:48",-2002,-2002,1.0,1
"04/02/2022, 15:22:51",-2107,-2107,1.0,1
"04/02/2022, 15:22:54",-2256,-2256,1.0,1
"04/02/2022, 15:22:57",-2406,-2406,1.0,1
"04/02/2022, 15:23:00",-2555,-2555,1.0,1
"04/02/2022, 15:23:03",-2704,-2704,1.0,1
"04/02/2022, 15:23:06",-2854,-2854,1.0,1
"04/02/2022, 15:23:09",-3002,-3002,1.0,1
"04/02/2022, 15:23:12",-3080,-3080,1.0,1
"04/02/2022, 15:23:15",-3200,-3200,1.0,1
"04/02/2022, 15:23:18",-3319,-3319,1.0,1
"04/02/2022, 15:23:21",-3439,-3439,1.0,1
"04/02/2022, 15:23:24",-3559,-3559,1.0,1
"04/02/2022, 15:23:27",-3678,-3678,1.0,1
"04/02/2022, 15:23:30",-3798,-3798,1.0,1
"04/02/2022, 15:23:33",-3918,-3918,1.0,1
"04/02/2022, 15:23:36",-4002,-4002,1.0,1
"04/02/2022, 15:23:39",-4095,-4095,1.0,1
"04/02/2022, 15:23:42",-4195,-4195,1.0,1
"04/02/2022, 15:23:45",-4295,-4295,1.0,1
"04/02/2022, 15:23:48",-4394,-4394,1.0,1
"04/02/2022, 15:23:51",-4494,-4494,1.0,1
"04/02/2022, 15:23:54",-4594,-4594,1.0,1
"04/02/2022, 15:23:57",-4693,-4693,1.0,1
"04/02/2022, 15:24:00",-4793,-4793,1.0,1
"04/02/2022, 15:24:03",-4893,-4893,1.0,1
"04/02/2022, 15:24:06",-4992,-4992,1.0,1
"04/02/2022, 15:24:09",-5050,-5050,1.0,1
"04/02/2022, 15:24:12",-5135,-5135,1.0,1
"04/02/2022, 15:24:16",-5220,-5220,1.0,1
"04/02/2022, 15:24:19",-5306,-5306,1.0,1
"04/02/2022, 15:24:22",-5391,-5391,1.0,1
"04/02/2022, 15:24:25",-5477,-5477,1.0,1
"04/02/2022, 15:24:28",-5562,-5562,1.0,1
"04/02/2022, 15:24:31",-5648,-5648,1.0,1
"04/02/2022, 15:24:34",-5733,-5733,1.0,1
"04/02/2022, 15:24:37",-5819,-5819,1.0,1
"04/02/2022, 15:24:40",-5904,-5904,1.0,1
"04/02/2022, 15:24:43",-5990,-5990,1.0,1
"04/02/2022, 15:24:46",-6041,-6041,1.0,1
"04/02/2022, 15:24:49",-6116,-6116,1.0,1
"04/02/2022, 15:24:52",-6190,-6190,1.0,1
"04/02/2022, 15:24:55",-6265,-6265,1.0,1
"04/02/2022, 15:24:58",-6340,-6340,1.0,1
"04/02/2022, 15:25:01",-6415,-6415,1.0,1
"04/02/2022, 15:25:04",-6489,-6489,1.0,1
"04/02/2022, 15:25:07",-6564,-6564,1.0,1
"04/02/2022, 15:25:10",-6639,-6639,1.0,1
"04/02/2022, 15:25:13",-6714,-6714,1.0,1
"04/02/2022, 15:25:16",-6789,-6789,1.0,1
"04/02/2022, 15:25:19",-6863,-6863,1.0,1
"04/02/2022, 15:25:22",-6938,-6938,1.0,1
"04/02/2022, 15:25:25",-7002,-7002,1.0,1
"04/02/2022, 15:25:28",-7055,-7055,1.0,1
"04/02/2022, 15:25:31",-7122,-7122,1.0,1
"04/02/2022, 15:25:34",-7188,-7188,1.0,1
"04/02/2022, 15:25:37",-7255,-7255,1.0,1
"04/02/2022, 15:25:40",-7321,-7321,1.0,1
"04/02/2022, 15:25:43",-7388,-7388,1.0,1
"04/02/2022, 15:25:46",-7454,-7454,1.0,1
"04/02/2022, 15:25:49",-7502,-7502,1.0,1
"04/02/2022, 15:25:52",-7558,-7558,1.0,1
"04/02/2022, 15:25:55",-7618,-7618,1.0,1
"04/02/2022, 15:25:58",-7678,-7678,1.0,1
"04/02/2022, 15:26:01",-7737,-7737,1.0,1
"04/02/2022, 15:26:04",-7797,-7797,1.0,1
"04/02/2022, 15:26:07",-7857,-7857,1.0,1
"04/02/2022, 15:26:10",-7917,-7917,1.0,1
"04/02/2022, 15:26:13",-7977,-7977,1.0,1
"04/02/2022, 15:26:16",-8016,-8016,1.0,1
"04/02/2022, 15:26:19",-8076,-8076,1.0,1
"04/02/2022, 15:26:22",-8136,-8136,1.0,1
"04/02/2022, 15:26:25",-8196,-8196,1.0,1
"04/02/2022, 15:26:28",-8255,-8255,1.0,1
"04/02/2022, 15:26:32",-8315,-8315,1.0,1
"04/02/2022, 15:26:35",-8375,-8375,1.0,1
"04/02/2022, 15:26:38",-8435,-8435,1.0,1
"04/02/2022, 15:26:41",-8495,-8495,1.0,1
"04/02/2022, 15:26:44",-8655,-8655,1.0,1
"04/02/2022, 15:26:47",-8951,-8951,1.0,1
"04/02/2022, 15:26:50",-9245,-9245,1.0,1
"04/02/2022, 15:26:53",-9502,-9502,1.0,1
"04/02/2022, 15:26:56",-9653,-9653,1.0,1
"04/02/2022, 15:26:59",-9849,-9849,1.0,1
"04/02/2022, 15:27:02",-10046,-10046,1.0,1
"04/02/2022, 15:27:05",-10242,-10242,1.0,1
"04/02/2022, 15:27:08",-10439,-10439,1.0,1
"04/02/2022, 15:27:11",-10550,-10550,1.0,1
"04/02/2022, 15:27:14",-10698,-10698,1.0,1
"04/02/2022, 15:27:18",-10846,-10846,1.0,1
"04/02/2022, 15:27:18",0,0,1.0,1
"04/02/2022, 15:27:21",-10888,-10888,1.0,1
time,sfe,ssip,rfip,type
time,sfe,ssip,rfip,type
time,sfe,ssip,rfip,type
"04/04/2022, 22:57:02",1,0,1.0,0
"04/04/2022, 22:57:05",0,0,1.0,0
"04/04/2022, 22:57:08",0,0,1.0,0
"04/04/2022, 22:57:11",0,0,1.0,0
"04/04/2022, 22:57:14",0,0,1.0,0
"04/04/2022, 22:57:17",0,0,1.0,0
"04/04/2022, 22:57:20",0,0,1.0,0
"04/04/2022, 22:57:23",0,0,1.0,0
"04/04/2022, 22:57:26",0,0,1.0,0
"04/04/2022, 22:57:29",0,0,1.0,0
time,sfe,ssip,rfip,type
"05/10/2022, 23:18:46",1,0,1.0,0
"05/10/2022, 23:18:49",0,0,1.0,0
"05/10/2022, 23:18:52",0,0,1.0,0
"05/10/2022, 23:18:55",0,0,1.0,0
"05/10/2022, 23:18:58",0,0,1.0,0
"05/10/2022, 23:19:01",0,0,1.0,0
"05/10/2022, 23:19:04",0,0,1.0,0
"05/10/2022, 23:19:07",0,0,1.0,0
"05/10/2022, 23:19:10",0,0,1.0,0
"05/10/2022, 23:19:13",-4,-4,1.0,0
"05/10/2022, 23:19:16",-8,-6,1.0,0
"05/10/2022, 23:19:19",-10,-7,1.0,0
"05/10/2022, 23:19:22",-14,-8,1.0,0
"05/10/2022, 23:19:25",0,0,1.0,0
"05/10/2022, 23:19:28",-18,-10,1.0,0
"05/10/2022, 23:19:31",-28,-10,1.0,0
"05/10/2022, 23:19:34",-38,-10,1.0,0
"05/10/2022, 23:19:37",0,0,1.0,0
"05/10/2022, 23:19:40",-44,-10,1.0,0
"05/10/2022, 23:19:43",0,0,1.0,0
"05/10/2022, 23:19:46",-52,-10,1.0,0
"05/10/2022, 23:19:49",0,0,1.0,0
"05/10/2022, 23:19:52",-56,-10,1.0,0
"05/10/2022, 23:19:55",-58,-10,1.0,0
"05/10/2022, 23:19:58",-64,-10,1.0,0
"05/10/2022, 23:20:01",-66,-10,1.0,0
"05/10/2022, 23:20:04",-68,-10,1.0,0
"05/10/2022, 23:20:07",-70,-10,1.0,0
"05/10/2022, 23:20:10",-72,-10,1.0,0
"05/10/2022, 23:20:13",-74,-10,1.0,0
"05/10/2022, 23:20:16",0,0,1.0,0
"05/10/2022, 23:20:19",-80,-10,1.0,0
"05/10/2022, 23:20:22",-80,-10,1.0,0
"05/10/2022, 23:20:25",-82,-10,1.0,0
"05/10/2022, 23:20:28",-82,-10,1.0,0
"05/10/2022, 23:20:31",0,0,1.0,0
"05/10/2022, 23:20:34",-84,-10,1.0,0
"05/10/2022, 23:20:37",-88,-10,1.0,0
"05/10/2022, 23:20:40",-90,-10,1.0,0
"05/10/2022, 23:20:43",-90,-10,1.0,0
"05/10/2022, 23:20:46",0,0,1.0,0
"05/10/2022, 23:20:49",-90,-10,1.0,0
"05/10/2022, 23:20:52",-90,-10,1.0,0
"05/10/2022, 23:20:55",0,0,1.0,0
"05/10/2022, 23:20:58",-90,-10,1.0,0
"05/10/2022, 23:21:01",0,0,1.0,0
"05/10/2022, 23:21:04",-90,-10,1.0,0
"05/10/2022, 23:21:07",-90,-10,1.0,0
"05/10/2022, 23:21:10",-90,-10,1.0,0
"05/10/2022, 23:21:13",-90,-10,1.0,0
"05/10/2022, 23:21:16",-90,-10,1.0,0
"05/10/2022, 23:21:19",-90,-10,1.0,0
"05/10/2022, 23:21:22",-90,-10,1.0,0
"05/10/2022, 23:21:25",-90,-10,1.0,0
"05/10/2022, 23:21:28",-90,-10,1.0,0
"05/10/2022, 23:21:31",-90,-10,1.0,0
"05/10/2022, 23:21:34",-90,-10,1.0,0
"05/10/2022, 23:21:37",0,0,1.0,0
"05/10/2022, 23:21:40",-90,-10,1.0,0
"05/10/2022, 23:21:43",-90,-10,1.0,0
"05/10/2022, 23:21:46",-90,-10,1.0,0
"05/10/2022, 23:21:49",-90,-10,1.0,0
"05/10/2022, 23:21:52",0,0,1.0,0
"05/10/2022, 23:21:55",-90,-10,1.0,0
"05/10/2022, 23:21:58",-90,-10,1.0,0
"05/10/2022, 23:22:01",-90,-10,1.0,0
"05/10/2022, 23:22:04",-90,-10,1.0,0
"05/10/2022, 23:22:07",-90,-10,1.0,0
"05/10/2022, 23:22:10",-90,-10,1.0,0
"05/10/2022, 23:22:13",-90,-10,1.0,0
"05/10/2022, 23:22:16",-90,-10,1.0,0
"05/10/2022, 23:22:19",-90,-10,1.0,0
"05/10/2022, 23:22:23",-90,-10,1.0,0
"05/10/2022, 23:22:26",-90,-10,1.0,0
"05/10/2022, 23:22:29",-90,-10,1.0,0
"05/10/2022, 23:22:31",-90,-10,1.0,0
"05/10/2022, 23:22:35",-90,-10,1.0,0
"05/10/2022, 23:22:37",0,0,1.0,0
"05/10/2022, 23:22:40",-90,-10,1.0,0
"05/10/2022, 23:22:44",-90,-10,1.0,0
"05/10/2022, 23:22:47",-90,-10,1.0,0
"05/10/2022, 23:22:50",-90,-10,1.0,0
"05/10/2022, 23:22:53",0,0,1.0,0
"05/10/2022, 23:22:56",-90,-10,1.0,0
"05/10/2022, 23:22:59",-90,-10,1.0,0
"05/10/2022, 23:23:02",-90,-10,1.0,0
"05/10/2022, 23:23:05",0,0,1.0,0
"05/10/2022, 23:23:08",-90,-10,1.0,0
"05/10/2022, 23:23:11",-90,-10,1.0,0
"05/10/2022, 23:23:14",-90,-10,1.0,0
"05/10/2022, 23:23:17",-90,-10,1.0,0
"05/10/2022, 23:23:20",-90,-10,1.0,0
"05/10/2022, 23:23:23",0,0,1.0,0
"05/10/2022, 23:23:26",-90,-10,1.0,0
"05/10/2022, 23:23:29",0,0,1.0,0
"05/10/2022, 23:23:32",-90,-10,1.0,0
"05/10/2022, 23:23:35",0,0,1.0,0
time,sfe,ssip,rfip,type
"05/10/2022, 23:24:10",1,0,1.0,1
"05/10/2022, 23:24:13",0,0,1.0,1
"05/10/2022, 23:24:16",0,0,1.0,1
"05/10/2022, 23:24:19",0,0,1.0,1
"05/10/2022, 23:24:22",0,0,1.0,1
"05/10/2022, 23:24:25",0,0,1.0,1
"05/10/2022, 23:24:28",0,0,1.0,1
"05/10/2022, 23:24:31",0,0,1.0,1
"05/10/2022, 23:24:34",0,0,1.0,1
"05/10/2022, 23:24:37",0,0,1.0,1
"05/10/2022, 23:24:40",0,0,1.0,1
"05/10/2022, 23:24:43",0,0,1.0,1
"05/10/2022, 23:24:46",0,0,1.0,1
"05/10/2022, 23:24:49",0,0,1.0,1
"05/10/2022, 23:24:52",0,0,1.0,1
"05/10/2022, 23:24:55",0,0,1.0,1
"05/10/2022, 23:24:58",0,0,1.0,1
"05/10/2022, 23:25:01",0,0,1.0,1
"05/10/2022, 23:25:04",0,0,1.0,1
"05/10/2022, 23:25:07",0,0,1.0,1
"05/10/2022, 23:25:10",0,0,1.0,1
"05/10/2022, 23:25:13",0,0,1.0,1
"05/10/2022, 23:25:16",0,0,1.0,1
"05/10/2022, 23:25:19",0,0,1.0,1
"05/10/2022, 23:25:22",0,0,1.0,1
"05/10/2022, 23:25:25",0,0,1.0,1
"05/10/2022, 23:25:28",0,0,1.0,1
"05/10/2022, 23:25:31",0,0,1.0,1
"05/10/2022, 23:25:34",0,0,1.0,1
"05/10/2022, 23:25:37",0,0,1.0,1
"05/10/2022, 23:25:40",0,0,1.0,1
"05/10/2022, 23:25:43",0,0,1.0,1
"05/10/2022, 23:25:46",0,0,1.0,1
"05/10/2022, 23:25:49",0,0,1.0,1
"05/10/2022, 23:25:52",0,0,1.0,1
"05/10/2022, 23:25:55",0,0,1.0,1
"05/10/2022, 23:25:58",0,0,1.0,1
"05/10/2022, 23:26:01",0,0,1.0,1
"05/10/2022, 23:26:04",0,0,1.0,1
"05/10/2022, 23:26:07",0,0,1.0,1
"05/10/2022, 23:26:10",0,0,1.0,1
"05/10/2022, 23:26:13",0,0,1.0,1
"05/10/2022, 23:26:16",0,0,1.0,1
"05/10/2022, 23:26:19",0,0,1.0,1
"05/10/2022, 23:26:22",0,0,1.0,1
"05/10/2022, 23:26:25",0,0,1.0,1
"05/10/2022, 23:26:28",0,0,1.0,1
"05/10/2022, 23:26:31",0,0,1.0,1
"05/10/2022, 23:26:34",0,0,1.0,1
"05/10/2022, 23:26:37",0,0,1.0,1
"05/10/2022, 23:26:40",0,0,1.0,1
"05/10/2022, 23:26:43",0,0,1.0,1
"05/10/2022, 23:26:46",0,0,1.0,1
"05/10/2022, 23:26:49",0,0,1.0,1
"05/10/2022, 23:26:52",0,0,1.0,1
"05/10/2022, 23:26:55",0,0,1.0,1
"05/10/2022, 23:26:58",0,0,1.0,1
"05/10/2022, 23:27:01",0,0,1.0,1
"05/10/2022, 23:27:04",0,0,1.0,1
"05/10/2022, 23:27:07",0,0,1.0,1
"05/10/2022, 23:27:10",0,0,1.0,1
"05/10/2022, 23:27:13",0,0,1.0,1
"05/10/2022, 23:27:16",0,0,1.0,1
"05/10/2022, 23:27:19",0,0,1.0,1
"05/10/2022, 23:27:22",0,0,1.0,1
"05/10/2022, 23:27:25",0,0,1.0,1
"05/10/2022, 23:27:28",0,0,1.0,1
"05/10/2022, 23:27:31",0,0,1.0,1
"05/10/2022, 23:27:34",0,0,1.0,1
"05/10/2022, 23:27:37",0,0,1.0,1
"05/10/2022, 23:27:40",0,0,1.0,1
"05/10/2022, 23:27:43",0,0,1.0,1
"05/10/2022, 23:27:46",0,0,1.0,1
"05/10/2022, 23:27:49",0,0,1.0,1
"05/10/2022, 23:27:52",0,0,1.0,1
"05/10/2022, 23:27:55",0,0,1.0,1
"05/10/2022, 23:27:58",0,0,1.0,1
"05/10/2022, 23:28:01",-127,-127,1.0,1
"05/10/2022, 23:28:04",-187,-187,1.0,1
"05/10/2022, 23:28:07",-246,-246,1.0,1
"05/10/2022, 23:28:10",-306,-306,1.0,1
"05/10/2022, 23:28:13",-366,-366,1.0,1
"05/10/2022, 23:28:16",-425,-425,1.0,1
"05/10/2022, 23:28:19",-485,-485,1.0,1
"05/10/2022, 23:28:22",-545,-545,1.0,1
"05/10/2022, 23:28:25",-597,-597,1.0,1
"05/10/2022, 23:28:28",-829,-829,1.0,1
"05/10/2022, 23:28:31",-1126,-1126,1.0,1
"05/10/2022, 23:28:34",-1422,-1422,1.0,1
"05/10/2022, 23:28:37",0,0,1.0,1
"05/10/2022, 23:28:40",-1609,-1609,1.0,1
"05/10/2022, 23:28:43",-1807,-1807,1.0,1
"05/10/2022, 23:28:46",-2005,-2005,1.0,1
"05/10/2022, 23:28:49",-2202,-2202,1.0,1
"05/10/2022, 23:28:52",-2598,-2598,1.0,1
"05/10/2022, 23:28:55",-2694,-2694,1.0,1
"05/10/2022, 23:28:58",0,0,1.0,1
"05/10/2022, 23:29:01",-2842,-2842,1.0,1
"05/10/2022, 23:29:04",-3101,-3101,1.0,1
time,sfe,ssip,rfip,type
time,sfe,ssip,rfip,type
time,sfe,ssip,rfip,type
"05/10/2022, 23:57:55",-90,-10,1.0,0
"05/10/2022, 23:57:58",-90,-10,1.0,0
"05/10/2022, 23:58:01",-90,-10,1.0,0
"05/10/2022, 23:58:04",-90,-10,1.0,0
"05/10/2022, 23:58:07",-90,-10,1.0,0
"05/10/2022, 23:58:10",-90,-10,1.0,0
time,sfe,ssip,rfip,type
"05/10/2022, 23:58:37",1,0,1.0,1
"05/10/2022, 23:58:42",0,0,1.0,1
"05/10/2022, 23:58:47",0,0,1.0,1
"05/10/2022, 23:58:52",0,0,1.0,1
"05/10/2022, 23:58:57",0,0,1.0,1
"05/10/2022, 23:59:02",0,0,1.0,1
"05/10/2022, 23:59:07",0,0,1.0,1
"05/10/2022, 23:59:12",0,0,1.0,1
"05/10/2022, 23:59:17",0,0,1.0,1
"05/10/2022, 23:59:22",0,0,1.0,1
"05/10/2022, 23:59:27",0,0,1.0,1
"05/10/2022, 23:59:32",0,0,1.0,1
"05/10/2022, 23:59:37",0,0,1.0,1
"05/10/2022, 23:59:42",0,0,1.0,1
"05/10/2022, 23:59:47",0,0,1.0,1
"05/10/2022, 23:59:52",0,0,1.0,1
"05/10/2022, 23:59:57",0,0,1.0,1
"05/11/2022, 00:00:02",0,0,1.0,1
"05/11/2022, 00:00:07",0,0,1.0,1
"05/11/2022, 00:00:12",0,0,1.0,1
"05/11/2022, 00:00:17",0,0,1.0,1
"05/11/2022, 00:00:22",0,0,1.0,1
"05/11/2022, 00:00:27",0,0,1.0,1
"05/11/2022, 00:00:32",0,0,1.0,1
"05/11/2022, 00:00:37",0,0,1.0,1
"05/11/2022, 00:00:42",0,0,1.0,1
"05/11/2022, 00:00:47",0,0,1.0,1
"05/11/2022, 00:00:52",0,0,1.0,1
"05/11/2022, 00:00:57",0,0,1.0,1
"05/11/2022, 00:01:02",0,0,1.0,1
"05/11/2022, 00:01:07",0,0,1.0,1
"05/11/2022, 00:01:12",0,0,1.0,1
"05/11/2022, 00:01:17",0,0,1.0,1
"05/11/2022, 00:01:22",0,0,1.0,1
"05/11/2022, 00:01:27",0,0,1.0,1
"05/11/2022, 00:01:32",0,0,1.0,1
"05/11/2022, 00:01:37",0,0,1.0,1
"05/11/2022, 00:01:42",0,0,1.0,1
"05/11/2022, 00:01:47",0,0,1.0,1
"05/11/2022, 00:01:52",0,0,1.0,1
"05/11/2022, 00:01:57",0,0,1.0,1
"05/11/2022, 00:02:02",0,0,1.0,1
"05/11/2022, 00:02:07",0,0,1.0,1
"05/11/2022, 00:02:12",0,0,1.0,1
"05/11/2022, 00:02:17",0,0,1.0,1
"05/11/2022, 00:02:22",0,0,1.0,1
"05/11/2022, 00:02:27",0,0,1.0,1
"05/11/2022, 00:02:32",0,0,1.0,1
"05/11/2022, 00:02:37",0,0,1.0,1
"05/11/2022, 00:02:42",0,0,1.0,1
"05/11/2022, 00:02:47",0,0,1.0,1
"05/11/2022, 00:02:52",0,0,1.0,1
"05/11/2022, 00:02:57",0,0,1.0,1
"05/11/2022, 00:03:02",0,0,1.0,1
"05/11/2022, 00:03:07",0,0,1.0,1
"05/11/2022, 00:03:12",0,0,1.0,1
"05/11/2022, 00:03:17",0,0,1.0,1
"05/11/2022, 00:03:22",0,0,1.0,1
"05/11/2022, 00:03:27",0,0,1.0,1
"05/11/2022, 00:03:32",0,0,1.0,1
time,sfe,ssip,rfip,type
time,sfe,ssip,rfip,type
time,sfe,ssip,rfip,type
"05/16/2022, 12:05:56",-6,-4,1.0,0
"05/16/2022, 12:05:59",-10,-5,1.0,0
"05/16/2022, 12:06:02",-20,-7,1.0,0
"05/16/2022, 12:06:05",-20,-7,1.0,0
"05/16/2022, 12:06:08",-22,-7,1.0,0
"05/16/2022, 12:06:11",-32,-9,1.0,0
"05/16/2022, 12:06:14",-34,-10,1.0,0
"05/16/2022, 12:06:17",-36,-10,1.0,0
"05/16/2022, 12:06:20",-42,-10,1.0,0
"05/16/2022, 12:06:23",-42,-10,1.0,0
"05/16/2022, 12:06:26",-54,-10,1.0,0
"05/16/2022, 12:06:29",-56,-10,1.0,0
"05/16/2022, 12:06:32",-58,-10,1.0,0
"05/16/2022, 12:06:35",-66,-10,1.0,0
"05/16/2022, 12:06:38",-66,-10,1.0,0
"05/16/2022, 12:06:41",-68,-10,1.0,0
"05/16/2022, 12:06:44",-68,-10,1.0,0
"05/16/2022, 12:06:47",-68,-10,1.0,0
"05/16/2022, 12:06:50",-74,-10,1.0,0
"05/16/2022, 12:06:53",-76,-10,1.0,0
"05/16/2022, 12:06:56",-76,-10,1.0,0
"05/16/2022, 12:06:59",-78,-10,1.0,0
"05/16/2022, 12:07:02",-78,-10,1.0,0
"05/16/2022, 12:07:05",-80,-10,1.0,0
"05/16/2022, 12:07:08",-82,-10,1.0,0
"05/16/2022, 12:07:11",-82,-10,1.0,0
"05/16/2022, 12:07:14",-84,-10,1.0,0
"05/16/2022, 12:07:17",-86,-10,1.0,0
"05/16/2022, 12:07:20",-86,-10,1.0,0
"05/16/2022, 12:07:23",-88,-10,1.0,0
"05/16/2022, 12:07:26",-90,-10,1.0,0
"05/16/2022, 12:07:29",-90,-10,1.0,0
"05/16/2022, 12:07:32",-90,-10,1.0,0
"05/16/2022, 12:07:35",-90,-10,1.0,0
"05/16/2022, 12:07:38",-90,-10,1.0,0
"05/16/2022, 12:07:41",-90,-10,1.0,0
"05/16/2022, 12:07:44",-90,-10,1.0,0
"05/16/2022, 12:07:47",-90,-10,1.0,0
"05/16/2022, 12:07:50",-90,-10,1.0,0
"05/16/2022, 12:07:53",-90,-10,1.0,0
"05/16/2022, 12:07:56",-90,-10,1.0,0
"05/16/2022, 12:07:59",-90,-10,1.0,0
"05/16/2022, 12:08:02",-90,-10,1.0,0
"05/16/2022, 12:08:05",-90,-10,1.0,0
"05/16/2022, 12:08:08",-90,-10,1.0,0
"05/16/2022, 12:08:11",-90,-10,1.0,0
"05/16/2022, 12:08:14",-90,-10,1.0,0
"05/16/2022, 12:08:17",-90,-10,1.0,0
"05/16/2022, 12:08:20",-90,-10,1.0,0
"05/16/2022, 12:08:23",-90,-10,1.0,0
"05/16/2022, 12:08:26",-90,-10,1.0,0
"05/16/2022, 12:08:29",-90,-10,1.0,0
"05/16/2022, 12:08:32",-90,-10,1.0,0
"05/16/2022, 12:08:35",-90,-10,1.0,0
"05/16/2022, 12:08:38",-90,-10,1.0,0
"05/16/2022, 12:08:41",-90,-10,1.0,0
"05/16/2022, 12:08:44",-90,-10,1.0,0
"05/16/2022, 12:08:49",-90,-10,1.0,0
"05/16/2022, 12:08:52",-90,-10,1.0,0
"05/16/2022, 12:08:55",-90,-10,1.0,0
"05/16/2022, 12:08:58",-90,-10,1.0,0
"05/16/2022, 12:09:01",0,0,1.0,0
"05/16/2022, 12:09:04",-90,-10,1.0,0
"05/16/2022, 12:09:07",-90,-10,1.0,0
"05/16/2022, 12:09:10",-90,-10,1.0,0
"05/16/2022, 12:09:13",-90,-10,1.0,0
"05/16/2022, 12:09:16",-90,-10,1.0,0
"05/16/2022, 12:09:19",-90,-10,1.0,0
"05/16/2022, 12:09:22",-90,-10,1.0,0
"05/16/2022, 12:09:25",-90,-10,1.0,0
"05/16/2022, 12:09:28",-90,-10,1.0,0
"05/16/2022, 12:09:31",-90,-10,1.0,0
"05/16/2022, 12:09:34",-90,-10,1.0,0
"05/16/2022, 12:09:37",-90,-10,1.0,0
"05/16/2022, 12:09:40",0,0,1.0,0
"05/16/2022, 12:09:43",-90,-10,1.0,0
"05/16/2022, 12:09:46",-90,-10,1.0,0
"05/16/2022, 12:09:49",-90,-10,1.0,0
"05/16/2022, 12:09:52",-90,-10,1.0,0
"05/16/2022, 12:09:55",-90,-10,1.0,0
"05/16/2022, 12:09:58",-90,-10,1.0,0
"05/16/2022, 12:10:01",-90,-10,1.0,0
"05/16/2022, 12:10:04",-90,-10,1.0,0
"05/16/2022, 12:10:07",-90,-10,1.0,0
"05/16/2022, 12:10:10",-90,-10,1.0,0
"05/16/2022, 12:10:13",-90,-10,1.0,0
"05/16/2022, 12:10:16",-90,-10,1.0,0
"05/16/2022, 12:10:19",-90,-10,1.0,0
"05/16/2022, 12:10:22",-90,-10,1.0,0
"05/16/2022, 12:10:25",-90,-10,1.0,0
"05/16/2022, 12:10:28",-90,-10,1.0,0
"05/16/2022, 12:10:31",-90,-10,1.0,0
"05/16/2022, 12:10:34",-90,-10,1.0,0
"05/16/2022, 12:10:37",-90,-10,1.0,0
"05/16/2022, 12:10:40",-90,-10,1.0,0
"05/16/2022, 12:10:43",-90,-10,1.0,0
"05/16/2022, 12:10:46",-90,-10,1.0,0
"05/16/2022, 12:10:49",-90,-10,1.0,0
"05/16/2022, 12:10:52",-90,-10,1.0,0
"05/16/2022, 12:10:55",-90,-10,1.0,0
"05/16/2022, 12:10:58",-90,-10,1.0,0
"05/16/2022, 12:11:01",-90,-10,1.0,0
"05/16/2022, 12:11:04",-90,-10,1.0,0
"05/16/2022, 12:11:07",-90,-10,1.0,0
"05/16/2022, 12:11:10",-90,-10,1.0,0
"05/16/2022, 12:11:13",-90,-10,1.0,0
"05/16/2022, 12:11:16",-90,-10,1.0,0
"05/16/2022, 12:11:19",-90,-10,1.0,0
"05/16/2022, 12:11:22",-90,-10,1.0,0
"05/16/2022, 12:11:25",-90,-10,1.0,0
"05/16/2022, 12:11:28",-90,-10,1.0,0
"05/16/2022, 12:11:31",-90,-10,1.0,0
"05/16/2022, 12:11:34",-90,-10,1.0,0
"05/16/2022, 12:11:37",-90,-10,1.0,0
"05/16/2022, 12:11:40",-90,-10,1.0,0
"05/16/2022, 12:11:43",-90,-10,1.0,0
"05/16/2022, 12:11:46",-90,-10,1.0,0
"05/16/2022, 12:11:49",-90,-10,1.0,0
"05/16/2022, 12:11:52",-90,-10,1.0,0
"05/16/2022, 12:11:55",-90,-10,1.0,0
"05/16/2022, 12:11:58",-90,-10,1.0,0
"05/16/2022, 12:12:01",-90,-10,1.0,0
"05/16/2022, 12:12:04",-90,-10,1.0,0
"05/16/2022, 12:12:07",-90,-10,1.0,0
"05/16/2022, 12:12:10",-90,-10,1.0,0
"05/16/2022, 12:12:13",-90,-10,1.0,0
"05/16/2022, 12:12:16",-90,-10,1.0,0
"05/16/2022, 12:12:19",-90,-10,1.0,0
"05/16/2022, 12:12:22",-90,-10,1.0,0
"05/16/2022, 12:12:25",-90,-10,1.0,0
"05/16/2022, 12:12:28",-90,-10,1.0,0
"05/16/2022, 12:12:31",-90,-10,1.0,0
"05/16/2022, 12:12:34",-90,-10,1.0,0
"05/16/2022, 12:12:37",-90,-10,1.0,0
"05/16/2022, 12:12:40",-90,-10,1.0,0
"05/16/2022, 12:12:43",-90,-10,1.0,0
"05/16/2022, 12:12:46",-90,-10,1.0,0
"05/16/2022, 12:12:49",-90,-10,1.0,0
"05/16/2022, 12:12:52",-90,-10,1.0,0
"05/16/2022, 12:12:55",-90,-10,1.0,0
"05/16/2022, 12:12:58",-90,-10,1.0,0
"05/16/2022, 12:13:01",-90,-10,1.0,0
"05/16/2022, 12:13:04",-90,-10,1.0,0
"05/16/2022, 12:13:07",-90,-10,1.0,0
"05/16/2022, 12:13:10",-90,-10,1.0,0
"05/16/2022, 12:13:13",-90,-10,1.0,0
"05/16/2022, 12:13:16",-90,-10,1.0,0
"05/16/2022, 12:13:19",-90,-10,1.0,0
"05/16/2022, 12:13:22",-90,-10,1.0,0
"05/16/2022, 12:13:25",-90,-10,1.0,0
"05/16/2022, 12:13:28",-90,-10,1.0,0
"05/16/2022, 12:13:31",-90,-10,1.0,0
"05/16/2022, 12:13:34",-90,-10,1.0,0
"05/16/2022, 12:13:37",-90,-10,1.0,0
"05/16/2022, 12:13:40",-90,-10,1.0,0
"05/16/2022, 12:13:43",-90,-10,1.0,0
"05/16/2022, 12:13:46",-90,-10,1.0,0
"05/16/2022, 12:13:49",-90,-10,1.0,0
"05/16/2022, 12:13:52",-90,-10,1.0,0
"05/16/2022, 12:13:55",-90,-10,1.0,0
"05/16/2022, 12:13:58",-90,-10,1.0,0
"05/16/2022, 12:14:01",-90,-10,1.0,0
"05/16/2022, 12:14:04",-90,-10,1.0,0
"05/16/2022, 12:14:07",-90,-10,1.0,0
"05/16/2022, 12:14:10",-90,-10,1.0,0
"05/16/2022, 12:14:13",-90,-10,1.0,0
"05/16/2022, 12:14:16",-90,-10,1.0,0
"05/16/2022, 12:14:19",-90,-10,1.0,0
"05/16/2022, 12:14:22",-90,-10,1.0,0
"05/16/2022, 12:14:25",-90,-10,1.0,0
"05/16/2022, 12:14:28",-90,-10,1.0,0
"05/16/2022, 12:14:31",-90,-10,1.0,0
"05/16/2022, 12:14:34",-90,-10,1.0,0
"05/16/2022, 12:14:37",-90,-10,1.0,0
"05/16/2022, 12:14:40",-90,-10,1.0,0
"05/16/2022, 12:14:43",-90,-10,1.0,0
"05/16/2022, 12:14:46",-90,-10,1.0,0
"05/16/2022, 12:14:49",-90,-10,1.0,0
"05/16/2022, 12:14:52",-90,-10,1.0,0
"05/16/2022, 12:14:55",-90,-10,1.0,0
"05/16/2022, 12:14:58",-90,-10,1.0,0
"05/16/2022, 12:15:01",-90,-10,1.0,0
"05/16/2022, 12:15:04",-90,-10,1.0,0
"05/16/2022, 12:15:07",-90,-10,1.0,0
"05/16/2022, 12:15:10",-90,-10,1.0,0
"05/16/2022, 12:15:13",-90,-10,1.0,0
"05/16/2022, 12:15:16",-90,-10,1.0,0
"05/16/2022, 12:15:19",-90,-10,1.0,0
"05/16/2022, 12:15:22",-90,-10,1.0,0
"05/16/2022, 12:15:25",-90,-10,1.0,0
"05/16/2022, 12:15:28",-90,-10,1.0,0
"05/16/2022, 12:15:31",-90,-10,1.0,0
"05/16/2022, 12:15:34",-90,-10,1.0,0
"05/16/2022, 12:15:37",-90,-10,1.0,0
"05/16/2022, 12:15:40",-90,-10,1.0,0
"05/16/2022, 12:15:43",-90,-10,1.0,0
"05/16/2022, 12:15:46",-90,-10,1.0,0
"05/16/2022, 12:15:49",-90,-10,1.0,0
"05/16/2022, 12:15:52",-90,-10,1.0,0
"05/16/2022, 12:15:55",-90,-10,1.0,0
"05/16/2022, 12:15:58",-90,-10,1.0,0
time,sfe,ssip,rfip,type
"05/16/2022, 12:18:11",-24,-24,1.0,1
"05/16/2022, 12:18:14",-60,-60,1.0,1
"05/16/2022, 12:18:17",-97,-97,1.0,1
"05/16/2022, 12:18:20",-134,-134,1.0,1
"05/16/2022, 12:18:23",-291,-291,1.0,1
"05/16/2022, 12:18:26",-469,-469,1.0,1
"05/16/2022, 12:18:29",-641,-641,1.0,1
"05/16/2022, 12:18:32",-835,-835,1.0,1
"05/16/2022, 12:18:35",-1055,-1055,1.0,1
"05/16/2022, 12:18:38",-1226,-1226,1.0,1
"05/16/2022, 12:18:41",-1473,-1473,1.0,1
"05/16/2022, 12:18:44",-1644,-1644,1.0,1
"05/16/2022, 12:18:47",-1863,-1863,1.0,1
"05/16/2022, 12:18:50",-1918,-1918,1.0,1
"05/16/2022, 12:18:53",-2163,-2163,1.0,1
"05/16/2022, 12:18:56",-2409,-2409,1.0,1
"05/16/2022, 12:18:59",-2578,-2578,1.0,1
"05/16/2022, 12:19:02",-2826,-2826,1.0,1
"05/16/2022, 12:19:05",-2996,-2996,1.0,1
"05/16/2022, 12:19:08",-3243,-3243,1.0,1
"05/16/2022, 12:19:11",-3409,-3409,1.0,1
"05/16/2022, 12:19:14",-3657,-3657,1.0,1
"05/16/2022, 12:19:17",-3751,-3751,1.0,1
"05/16/2022, 12:19:20",-3788,-3788,1.0,1
"05/16/2022, 12:19:23",-3824,-3824,1.0,1
"05/16/2022, 12:19:26",-3884,-3884,1.0,1
"05/16/2022, 12:19:29",-4050,-4050,1.0,1
"05/16/2022, 12:19:32",-4236,-4236,1.0,1
"05/16/2022, 12:19:35",-4464,-4464,1.0,1
"05/16/2022, 12:19:38",-4632,-4632,1.0,1
"05/16/2022, 12:19:41",-4874,-4874,1.0,1
"05/16/2022, 12:19:44",-5052,-5052,1.0,1
"05/16/2022, 12:19:47",-5287,-5287,1.0,1
"05/16/2022, 12:19:51",-5468,-5468,1.0,1
"05/16/2022, 12:19:54",-5716,-5716,1.0,1
"05/16/2022, 12:19:57",-5884,-5884,1.0,1
"05/16/2022, 12:20:00",-6132,-6132,1.0,1
"05/16/2022, 12:20:03",-6304,-6304,1.0,1
"05/16/2022, 12:20:06",-6399,-6399,1.0,1
"05/16/2022, 12:20:09",-6436,-6436,1.0,1
"05/16/2022, 12:20:12",-6625,-6625,1.0,1
"05/16/2022, 12:20:15",-6793,-6793,1.0,1
"05/16/2022, 12:20:18",-7035,-7035,1.0,1
"05/16/2022, 12:20:21",-7217,-7217,1.0,1
"05/16/2022, 12:20:24",-7253,-7253,1.0,1
"05/16/2022, 12:20:27",-7290,-7290,1.0,1
"05/16/2022, 12:20:30",-7327,-7327,1.0,1
"05/16/2022, 12:20:33",-7485,-7485,1.0,1
"05/16/2022, 12:20:36",-7674,-7674,1.0,1
"05/16/2022, 12:20:39",-7843,-7843,1.0,1
"05/16/2022, 12:20:42",-8018,-8018,1.0,1
"05/16/2022, 12:20:45",-8206,-8206,1.0,1
"05/16/2022, 12:20:48",-8377,-8377,1.0,1
"05/16/2022, 12:20:51",-8625,-8625,1.0,1
"05/16/2022, 12:20:54",-8751,-8751,1.0,1
"05/16/2022, 12:20:57",-8999,-8999,1.0,1
"05/16/2022, 12:21:00",-9166,-9166,1.0,1
"05/16/2022, 12:21:03",-9413,-9413,1.0,1
"05/16/2022, 12:21:06",-9646,-9646,1.0,1
"05/16/2022, 12:21:10",-9832,-9832,1.0,1
"05/16/2022, 12:21:13",-10045,-10045,1.0,1
"05/16/2022, 12:21:16",-10250,-10250,1.0,1
"05/16/2022, 12:21:19",-10476,-10476,1.0,1
"05/16/2022, 12:21:22",-10666,-10666,1.0,1
"05/16/2022, 12:21:25",-10907,-10907,1.0,1
"05/16/2022, 12:21:28",-10943,-10943,1.0,1
"05/16/2022, 12:21:31",-10980,-10980,1.0,1
"05/16/2022, 12:21:34",-11017,-11017,1.0,1
"05/16/2022, 12:21:37",-11135,-11135,1.0,1
"05/16/2022, 12:21:40",-11307,-11307,1.0,1
"05/16/2022, 12:21:43",-11475,-11475,1.0,1
"05/16/2022, 12:21:46",-11682,-11682,1.0,1
"05/16/2022, 12:21:49",-11894,-11894,1.0,1
"05/16/2022, 12:21:52",-12064,-12064,1.0,1
"05/16/2022, 12:21:55",-12312,-12312,1.0,1
"05/16/2022, 12:21:58",-12483,-12483,1.0,1
"05/16/2022, 12:22:01",-12731,-12731,1.0,1
"05/16/2022, 12:22:04",-12898,-12898,1.0,1
"05/16/2022, 12:22:08",-13104,-13104,1.0,1
"05/16/2022, 12:22:11",-13352,-13352,1.0,1
"05/16/2022, 12:22:14",-13523,-13523,1.0,1
"05/16/2022, 12:22:17",-13657,-13657,1.0,1
"05/16/2022, 12:22:20",-13857,-13857,1.0,1
"05/16/2022, 12:22:20",0,0,1.0,1
"05/16/2022, 12:22:23",-13910,-13910,1.0,1
"05/16/2022, 12:22:26",-14086,-14086,1.0,1
"05/16/2022, 12:22:29",-14279,-14279,1.0,1
"05/16/2022, 12:22:33",-14519,-14519,1.0,1
"05/16/2022, 12:22:36",-14559,-14559,1.0,1
"05/16/2022, 12:22:40",-14601,-14601,1.0,1
"05/16/2022, 12:22:43",-14642,-14642,1.0,1
"05/16/2022, 12:22:47",-14806,-14806,1.0,1
"05/16/2022, 12:22:50",-15002,-15002,1.0,1
"05/16/2022, 12:22:54",-15266,-15266,1.0,1
"05/16/2022, 12:22:58",-15511,-15511,1.0,1
"05/16/2022, 12:23:02",-15733,-15733,1.0,1
"05/16/2022, 12:23:06",-15989,-15989,1.0,1
"05/16/2022, 12:23:10",-16250,-16250,1.0,1
"05/16/2022, 12:23:14",-16489,-16489,1.0,1
"05/16/2022, 12:23:19",-16827,-16827,1.0,1
"05/16/2022, 12:23:23",-17104,-17104,1.0,1
"05/16/2022, 12:23:28",-17398,-17398,1.0,1
"05/16/2022, 12:23:33",-17702,-17702,1.0,1
"05/16/2022, 12:23:38",-18091,-18091,1.0,1
"05/16/2022, 12:23:44",-18175,-18175,1.0,1
"05/16/2022, 12:23:49",-18238,-18238,1.0,1
"05/16/2022, 12:23:55",-18529,-18529,1.0,1
"05/16/2022, 12:24:00",-18804,-18804,1.0,1
"05/16/2022, 12:24:07",-19120,-19120,1.0,1
"05/16/2022, 12:24:13",-19439,-19439,1.0,1
"05/16/2022, 12:24:19",-19837,-19837,1.0,1
"05/16/2022, 12:24:26",-20337,-20337,1.0,1
"05/16/2022, 12:24:33",-20742,-20742,1.0,1
"05/16/2022, 12:24:42",-21192,-21192,1.0,1
"05/16/2022, 12:24:50",-21621,-21621,1.0,1
"05/16/2022, 12:24:58",-21722,-21722,1.0,1
"05/16/2022, 12:25:07",-22223,-22223,1.0,1
"05/16/2022, 12:25:17",-22583,-22583,1.0,1
"05/16/2022, 12:25:26",-23226,-23226,1.0,1
"05/16/2022, 12:25:36",-23885,-23885,1.0,1
time,sfe,ssip,rfip,type
time,sfe,ssip,rfip,type
time,sfe,ssip,rfip,type
time,sfe,ssip,rfip,type
"05/16/2022, 12:26:33",-26562,-26562,1.0,1
time,sfe,ssip,rfip,type
time,sfe,ssip,rfip,type
"05/16/2022, 12:27:09",-27404,-27404,1.0,1
time,sfe,ssip,rfip,type
time,sfe,ssip,rfip,type
"05/16/2022, 12:27:48",-27404,-27404,1.0,1
time,sfe,ssip,rfip,type
"05/16/2022, 12:28:03",-27404,-27404,1.0,1
time,sfe,ssip,rfip,type
"05/16/2022, 12:28:18",-27404,-27404,1.0,1
time,sfe,ssip,rfip,type
time,sfe,ssip,rfip,type
time,sfe,ssip,rfip,type
"05/16/2022, 14:27:22",-2,-2,1.0,0
"05/16/2022, 14:27:25",-2,-2,1.0,0
"05/16/2022, 14:27:28",-12,-5,1.0,0
"05/16/2022, 14:27:31",-14,-6,1.0,0
"05/16/2022, 14:27:34",-20,-9,1.0,0
"05/16/2022, 14:27:37",-24,-10,1.0,0
"05/16/2022, 14:27:40",-30,-10,1.0,0
"05/16/2022, 14:27:43",-34,-10,1.0,0
"05/16/2022, 14:27:46",-38,-10,1.0,0
"05/16/2022, 14:27:49",-40,-10,1.0,0
"05/16/2022, 14:27:52",-46,-10,1.0,0
"05/16/2022, 14:27:55",-52,-10,1.0,0
"05/16/2022, 14:27:58",-58,-10,1.0,0
"05/16/2022, 14:28:01",-58,-10,1.0,0
"05/16/2022, 14:28:04",-62,-10,1.0,0
"05/16/2022, 14:28:07",-66,-10,1.0,0
"05/16/2022, 14:28:10",-70,-10,1.0,0
"05/16/2022, 14:28:13",-72,-10,1.0,0
"05/16/2022, 14:28:16",-76,-10,1.0,0
"05/16/2022, 14:28:19",-78,-10,1.0,0
"05/16/2022, 14:28:22",-84,-10,1.0,0
"05/16/2022, 14:28:25",-84,-10,1.0,0
"05/16/2022, 14:28:28",-84,-10,1.0,0
"05/16/2022, 14:28:31",-88,-10,1.0,0
"05/16/2022, 14:28:34",-88,-10,1.0,0
"05/16/2022, 14:28:37",-88,-10,1.0,0
"05/16/2022, 14:28:40",-88,-10,1.0,0
"05/16/2022, 14:28:43",-90,-10,1.0,0
"05/16/2022, 14:28:46",-90,-10,1.0,0
"05/16/2022, 14:28:49",-90,-10,1.0,0
"05/16/2022, 14:28:52",-90,-10,1.0,0
"05/16/2022, 14:28:55",-90,-10,1.0,0
"05/16/2022, 14:28:58",-90,-10,1.0,0
"05/16/2022, 14:29:01",-90,-10,1.0,0
"05/16/2022, 14:29:04",-90,-10,1.0,0
"05/16/2022, 14:29:07",-90,-10,1.0,0
"05/16/2022, 14:29:10",-90,-10,1.0,0
"05/16/2022, 14:29:13",-90,-10,1.0,0
"05/16/2022, 14:29:16",-90,-10,1.0,0
"05/16/2022, 14:29:19",-90,-10,1.0,0
"05/16/2022, 14:29:22",-90,-10,1.0,0
"05/16/2022, 14:29:25",-90,-10,1.0,0
"05/16/2022, 14:29:28",-90,-10,1.0,0
"05/16/2022, 14:29:31",-90,-10,1.0,0
"05/16/2022, 14:29:34",-90,-10,1.0,0
"05/16/2022, 14:29:37",-90,-10,1.0,0
"05/16/2022, 14:29:40",-90,-10,1.0,0
"05/16/2022, 14:29:43",-90,-10,1.0,0
"05/16/2022, 14:29:46",-90,-10,1.0,0
"05/16/2022, 14:29:49",-90,-10,1.0,0
"05/16/2022, 14:29:52",-90,-10,1.0,0
"05/16/2022, 14:29:55",-90,-10,1.0,0
"05/16/2022, 14:29:58",-90,-10,1.0,0
"05/16/2022, 14:30:01",-90,-10,1.0,0
"05/16/2022, 14:30:04",-90,-10,1.0,0
"05/16/2022, 14:30:07",0,0,1.0,0
"05/16/2022, 14:30:10",-90,-10,1.0,0
"05/16/2022, 14:30:13",-90,-10,1.0,0
"05/16/2022, 14:30:16",-90,-10,1.0,0
"05/16/2022, 14:30:19",-90,-10,1.0,0
"05/16/2022, 14:30:22",-90,-10,1.0,0
"05/16/2022, 14:30:25",-90,-10,1.0,0
"05/16/2022, 14:30:28",-90,-10,1.0,0
"05/16/2022, 14:30:31",-90,-10,1.0,0
"05/16/2022, 14:30:34",-90,-10,1.0,0
"05/16/2022, 14:30:37",-90,-10,1.0,0
"05/16/2022, 14:30:40",-90,-10,1.0,0
"05/16/2022, 14:30:43",-90,-10,1.0,0
"05/16/2022, 14:30:46",-90,-10,1.0,0
"05/16/2022, 14:30:49",-90,-10,1.0,0
"05/16/2022, 14:30:52",-90,-10,1.0,0
"05/16/2022, 14:30:55",-90,-10,1.0,0
"05/16/2022, 14:30:58",-90,-10,1.0,0
"05/16/2022, 14:31:01",-90,-10,1.0,0
"05/16/2022, 14:31:04",-90,-10,1.0,0
"05/16/2022, 14:31:07",-90,-10,1.0,0
"05/16/2022, 14:31:10",-90,-10,1.0,0
"05/16/2022, 14:31:13",-90,-10,1.0,0
"05/16/2022, 14:31:16",-90,-10,1.0,0
"05/16/2022, 14:31:19",-90,-10,1.0,0
"05/16/2022, 14:31:22",-90,-10,1.0,0
"05/16/2022, 14:31:25",-90,-10,1.0,0
"05/16/2022, 14:31:28",-90,-10,1.0,0
"05/16/2022, 14:31:31",-90,-10,1.0,0
"05/16/2022, 14:31:34",-90,-10,1.0,0
"05/16/2022, 14:31:37",-90,-10,1.0,0
"05/16/2022, 14:31:40",-90,-10,1.0,0
"05/16/2022, 14:31:43",-90,-10,1.0,0
"05/16/2022, 14:31:46",-90,-10,1.0,0
"05/16/2022, 14:31:49",-90,-10,1.0,0
"05/16/2022, 14:31:52",-90,-10,1.0,0
"05/16/2022, 14:31:55",-90,-10,1.0,0
"05/16/2022, 14:31:58",-90,-10,1.0,0
"05/16/2022, 14:32:01",-90,-10,1.0,0
"05/16/2022, 14:32:04",-90,-10,1.0,0
"05/16/2022, 14:32:07",-90,-10,1.0,0
"05/16/2022, 14:32:10",-90,-10,1.0,0
"05/16/2022, 14:32:13",-90,-10,1.0,0
"05/16/2022, 14:32:16",-90,-10,1.0,0
"05/16/2022, 14:32:19",-90,-10,1.0,0
"05/16/2022, 14:32:22",-90,-10,1.0,0
"05/16/2022, 14:32:25",-90,-10,1.0,0
"05/16/2022, 14:32:28",-90,-10,1.0,0
"05/16/2022, 14:32:31",-90,-10,1.0,0
"05/16/2022, 14:32:34",-90,-10,1.0,0
"05/16/2022, 14:32:37",-90,-10,1.0,0
"05/16/2022, 14:32:40",-90,-10,1.0,0
"05/16/2022, 14:32:43",-90,-10,1.0,0
"05/16/2022, 14:32:46",-90,-10,1.0,0
"05/16/2022, 14:32:49",-90,-10,1.0,0
"05/16/2022, 14:32:52",-90,-10,1.0,0
"05/16/2022, 14:32:55",-90,-10,1.0,0
"05/16/2022, 14:32:58",-90,-10,1.0,0
"05/16/2022, 14:33:01",-90,-10,1.0,0
"05/16/2022, 14:33:04",-90,-10,1.0,0
"05/16/2022, 14:33:07",-90,-10,1.0,0
"05/16/2022, 14:33:10",-90,-10,1.0,0
"05/16/2022, 14:33:13",-90,-10,1.0,0
"05/16/2022, 14:33:16",-90,-10,1.0,0
"05/16/2022, 14:33:19",-90,-10,1.0,0
"05/16/2022, 14:33:22",-90,-10,1.0,0
"05/16/2022, 14:33:25",-90,-10,1.0,0
"05/16/2022, 14:33:28",-90,-10,1.0,0
"05/16/2022, 14:33:31",-90,-10,1.0,0
"05/16/2022, 14:33:34",-90,-10,1.0,0
"05/16/2022, 14:33:37",-90,-10,1.0,0
"05/16/2022, 14:33:40",-90,-10,1.0,0
"05/16/2022, 14:33:43",-90,-10,1.0,0
"05/16/2022, 14:33:46",-90,-10,1.0,0
"05/16/2022, 14:33:49",-90,-10,1.0,0
"05/16/2022, 14:33:52",-90,-10,1.0,0
"05/16/2022, 14:33:55",-90,-10,1.0,0
"05/16/2022, 14:33:58",-90,-10,1.0,0
"05/16/2022, 14:34:01",-90,-10,1.0,0
"05/16/2022, 14:34:04",-90,-10,1.0,0
"05/16/2022, 14:34:07",-90,-10,1.0,0
"05/16/2022, 14:34:10",-90,-10,1.0,0
"05/16/2022, 14:34:13",-90,-10,1.0,0
"05/16/2022, 14:34:16",-90,-10,1.0,0
"05/16/2022, 14:34:19",-90,-10,1.0,0
"05/16/2022, 14:34:22",-90,-10,1.0,0
"05/16/2022, 14:34:25",-90,-10,1.0,0
"05/16/2022, 14:34:28",-90,-10,1.0,0
"05/16/2022, 14:34:31",-90,-10,1.0,0
"05/16/2022, 14:34:34",-90,-10,1.0,0
"05/16/2022, 14:34:37",-90,-10,1.0,0
"05/16/2022, 14:34:40",-90,-10,1.0,0
"05/16/2022, 14:34:43",-90,-10,1.0,0
"05/16/2022, 14:34:47",-90,-10,1.0,0
"05/16/2022, 14:34:50",-90,-10,1.0,0
"05/16/2022, 14:34:53",-90,-10,1.0,0
"05/16/2022, 14:34:56",-90,-10,1.0,0
"05/16/2022, 14:34:59",-90,-10,1.0,0
"05/16/2022, 14:35:02",-90,-10,1.0,0
"05/16/2022, 14:35:05",-90,-10,1.0,0
"05/16/2022, 14:35:08",-90,-10,1.0,0
"05/16/2022, 14:35:11",-90,-10,1.0,0
"05/16/2022, 14:35:14",-90,-10,1.0,0
"05/16/2022, 14:35:17",-90,-10,1.0,0
"05/16/2022, 14:35:20",-90,-10,1.0,0
"05/16/2022, 14:35:23",-90,-10,1.0,0
"05/16/2022, 14:35:26",-90,-10,1.0,0
"05/16/2022, 14:35:29",-90,-10,1.0,0
"05/16/2022, 14:35:32",-90,-10,1.0,0
"05/16/2022, 14:35:35",-90,-10,1.0,0
"05/16/2022, 14:35:38",-90,-10,1.0,0
"05/16/2022, 14:35:41",-90,-10,1.0,0
"05/16/2022, 14:35:44",-90,-10,1.0,0
"05/16/2022, 14:35:47",-90,-10,1.0,0
"05/16/2022, 14:35:50",-90,-10,1.0,0
"05/16/2022, 14:35:53",-90,-10,1.0,0
"05/16/2022, 14:35:56",-90,-10,1.0,0
"05/16/2022, 14:35:59",-90,-10,1.0,0
"05/16/2022, 14:36:02",-90,-10,1.0,0
"05/16/2022, 14:36:05",-90,-10,1.0,0
"05/16/2022, 14:36:08",-90,-10,1.0,0
"05/16/2022, 14:36:11",-90,-10,1.0,0
"05/16/2022, 14:36:14",-90,-10,1.0,0
"05/16/2022, 14:36:17",-90,-10,1.0,0
"05/16/2022, 14:36:20",-90,-10,1.0,0
"05/16/2022, 14:36:23",-90,-10,1.0,0
"05/16/2022, 14:36:26",-90,-10,1.0,0
"05/16/2022, 14:36:29",-90,-10,1.0,0
"05/16/2022, 14:36:32",-90,-10,1.0,0
"05/16/2022, 14:36:35",-90,-10,1.0,0
"05/16/2022, 14:36:38",-90,-10,1.0,0
"05/16/2022, 14:36:41",-90,-10,1.0,0
"05/16/2022, 14:36:44",-90,-10,1.0,0
"05/16/2022, 14:36:47",-90,-10,1.0,0
"05/16/2022, 14:36:50",-90,-10,1.0,0
"05/16/2022, 14:36:53",-90,-10,1.0,0
"05/16/2022, 14:36:56",-90,-10,1.0,0
"05/16/2022, 14:36:59",-90,-10,1.0,0
"05/16/2022, 14:37:02",-90,-10,1.0,0
"05/16/2022, 14:37:05",-90,-10,1.0,0
"05/16/2022, 14:37:08",-90,-10,1.0,0
"05/16/2022, 14:37:11",-90,-10,1.0,0
"05/16/2022, 14:37:14",-90,-10,1.0,0
"05/16/2022, 14:37:17",-90,-10,1.0,0
"05/16/2022, 14:37:20",-90,-10,1.0,0
"05/16/2022, 14:37:23",-90,-10,1.0,0
"05/16/2022, 14:37:26",-90,-10,1.0,0
"05/16/2022, 14:37:29",-90,-10,1.0,0
"05/16/2022, 14:37:32",-90,-10,1.0,0
"05/16/2022, 14:37:35",-90,-10,1.0,0
"05/16/2022, 14:37:38",-90,-10,1.0,0
"05/16/2022, 14:37:41",-90,-10,1.0,0
"05/16/2022, 14:37:44",-90,-10,1.0,0
"05/16/2022, 14:37:47",-90,-10,1.0,0
"05/16/2022, 14:37:50",-90,-10,1.0,0
"05/16/2022, 14:37:53",-90,-10,1.0,0
"05/16/2022, 14:37:56",-90,-10,1.0,0
"05/16/2022, 14:37:59",-90,-10,1.0,0
"05/16/2022, 14:38:02",-90,-10,1.0,0
"05/16/2022, 14:38:05",-90,-10,1.0,0
"05/16/2022, 14:38:08",-90,-10,1.0,0
"05/16/2022, 14:38:11",-90,-10,1.0,0
"05/16/2022, 14:38:14",-90,-10,1.0,0
"05/16/2022, 14:38:17",-90,-10,1.0,0
"05/16/2022, 14:38:20",-90,-10,1.0,0
"05/16/2022, 14:38:23",-90,-10,1.0,0
"05/16/2022, 14:38:26",-90,-10,1.0,0
"05/16/2022, 14:38:29",-90,-10,1.0,0
"05/16/2022, 14:38:32",-90,-10,1.0,0
"05/16/2022, 14:38:35",-90,-10,1.0,0
"05/16/2022, 14:38:38",-90,-10,1.0,0
"05/16/2022, 14:38:41",-90,-10,1.0,0
"05/16/2022, 14:38:44",-90,-10,1.0,0
"05/16/2022, 14:38:47",-90,-10,1.0,0
"05/16/2022, 14:38:50",-90,-10,1.0,0
"05/16/2022, 14:38:53",-90,-10,1.0,0
"05/16/2022, 14:38:56",-90,-10,1.0,0
"05/16/2022, 14:38:59",-90,-10,1.0,0
"05/16/2022, 14:39:02",-90,-10,1.0,0
"05/16/2022, 14:39:05",-90,-10,1.0,0
"05/16/2022, 14:39:08",-90,-10,1.0,0
"05/16/2022, 14:39:11",-90,-10,1.0,0
"05/16/2022, 14:39:14",-90,-10,1.0,0
"05/16/2022, 14:39:17",-90,-10,1.0,0
"05/16/2022, 14:39:20",-90,-10,1.0,0
"05/16/2022, 14:39:23",-90,-10,1.0,0
"05/16/2022, 14:39:26",-90,-10,1.0,0
"05/16/2022, 14:39:29",-90,-10,1.0,0
"05/16/2022, 14:39:32",-90,-10,1.0,0
"05/16/2022, 14:39:35",-90,-10,1.0,0
"05/16/2022, 14:39:38",-90,-10,1.0,0
"05/16/2022, 14:39:41",-90,-10,1.0,0
"05/16/2022, 14:39:44",-90,-10,1.0,0
"05/16/2022, 14:39:47",-90,-10,1.0,0
"05/16/2022, 14:39:50",-90,-10,1.0,0
"05/16/2022, 14:39:53",-90,-10,1.0,0
"05/16/2022, 14:39:56",-90,-10,1.0,0
"05/16/2022, 14:39:59",-90,-10,1.0,0
"05/16/2022, 14:40:02",-90,-10,1.0,0
"05/16/2022, 14:40:05",-90,-10,1.0,0
"05/16/2022, 14:40:08",-90,-10,1.0,0
"05/16/2022, 14:40:11",-90,-10,1.0,0
"05/16/2022, 14:40:14",-90,-10,1.0,0
"05/16/2022, 14:40:17",-90,-10,1.0,0
"05/16/2022, 14:40:20",-90,-10,1.0,0
"05/16/2022, 14:40:23",-90,-10,1.0,0
"05/16/2022, 14:40:26",-90,-10,1.0,0
"05/16/2022, 14:40:29",-90,-10,1.0,0
"05/16/2022, 14:40:32",-90,-10,1.0,0
"05/16/2022, 14:40:35",-90,-10,1.0,0
"05/16/2022, 14:40:38",-90,-10,1.0,0
"05/16/2022, 14:40:41",-90,-10,1.0,0
"05/16/2022, 14:40:44",-90,-10,1.0,0
"05/16/2022, 14:40:47",-90,-10,1.0,0
"05/16/2022, 14:40:50",-90,-10,1.0,0
"05/16/2022, 14:40:53",-90,-10,1.0,0
"05/16/2022, 14:40:56",-90,-10,1.0,0
"05/16/2022, 14:40:59",-90,-10,1.0,0
"05/16/2022, 14:41:02",-90,-10,1.0,0
"05/16/2022, 14:41:05",-90,-10,1.0,0
"05/16/2022, 14:41:08",-90,-10,1.0,0
"05/16/2022, 14:41:11",-90,-10,1.0,0
"05/16/2022, 14:41:14",-90,-10,1.0,0
"05/16/2022, 14:41:17",-90,-10,1.0,0
"05/16/2022, 14:41:20",-90,-10,1.0,0
"05/16/2022, 14:41:23",-90,-10,1.0,0
"05/16/2022, 14:41:26",-90,-10,1.0,0
"05/16/2022, 14:41:29",-90,-10,1.0,0
"05/16/2022, 14:41:32",-90,-10,1.0,0
"05/16/2022, 14:41:35",-90,-10,1.0,0
"05/16/2022, 14:41:38",-90,-10,1.0,0
"05/16/2022, 14:41:41",-90,-10,1.0,0
"05/16/2022, 14:41:44",-90,-10,1.0,0
"05/16/2022, 14:41:47",-90,-10,1.0,0
"05/16/2022, 14:41:50",-90,-10,1.0,0
"05/16/2022, 14:41:53",-90,-10,1.0,0
"05/16/2022, 14:41:56",-90,-10,1.0,0
"05/16/2022, 14:41:59",-90,-10,1.0,0
"05/16/2022, 14:42:02",-90,-10,1.0,0
"05/16/2022, 14:42:05",-90,-10,1.0,0
"05/16/2022, 14:42:08",-90,-10,1.0,0
"05/16/2022, 14:42:11",-90,-10,1.0,0
"05/16/2022, 14:42:14",-90,-10,1.0,0
"05/16/2022, 14:42:17",-90,-10,1.0,0
"05/16/2022, 14:42:20",-90,-10,1.0,0
"05/16/2022, 14:42:23",-90,-10,1.0,0
"05/16/2022, 14:42:26",-90,-10,1.0,0
"05/16/2022, 14:42:29",-90,-10,1.0,0
"05/16/2022, 14:42:32",-90,-10,1.0,0
"05/16/2022, 14:42:35",-90,-10,1.0,0
"05/16/2022, 14:42:38",-90,-10,1.0,0
"05/16/2022, 14:42:41",-90,-10,1.0,0
"05/16/2022, 14:42:44",-90,-10,1.0,0
"05/16/2022, 14:42:47",-90,-10,1.0,0
"05/16/2022, 14:42:50",-90,-10,1.0,0
"05/16/2022, 14:42:53",-90,-10,1.0,0
"05/16/2022, 14:42:56",-90,-10,1.0,0
"05/16/2022, 14:42:59",-90,-10,1.0,0
"05/16/2022, 14:43:02",-90,-10,1.0,0
"05/16/2022, 14:43:05",-90,-10,1.0,0
"05/16/2022, 14:43:08",-90,-10,1.0,0
"05/16/2022, 14:43:11",-90,-10,1.0,0
"05/16/2022, 14:43:14",-90,-10,1.0,0
"05/16/2022, 14:43:17",-90,-10,1.0,0
"05/16/2022, 14:43:20",-90,-10,1.0,0
"05/16/2022, 14:43:23",-90,-10,1.0,0
"05/16/2022, 14:43:26",-90,-10,1.0,0
"05/16/2022, 14:43:29",-90,-10,1.0,0
"05/16/2022, 14:43:32",-90,-10,1.0,0
"05/16/2022, 14:43:35",-90,-10,1.0,0
"05/16/2022, 14:43:38",-90,-10,1.0,0
"05/16/2022, 14:43:41",-90,-10,1.0,0
"05/16/2022, 14:43:44",-90,-10,1.0,0
"05/16/2022, 14:43:47",-90,-10,1.0,0
"05/16/2022, 14:43:50",-90,-10,1.0,0
"05/16/2022, 14:43:53",-90,-10,1.0,0
"05/16/2022, 14:43:56",-90,-10,1.0,0
"05/16/2022, 14:43:59",-90,-10,1.0,0
"05/16/2022, 14:44:02",-90,-10,1.0,0
time,sfe,ssip,rfip,type
"05/16/2022, 14:55:55",-28,-28,1.0,1
"05/16/2022, 14:55:58",-65,-65,1.0,1
"05/16/2022, 14:56:01",-101,-101,1.0,1
"05/16/2022, 14:56:04",-138,-138,1.0,1
"05/16/2022, 14:56:07",-298,-298,1.0,1
"05/16/2022, 14:56:10",-500,-500,1.0,1
"05/16/2022, 14:56:13",-670,-670,1.0,1
"05/16/2022, 14:56:16",-837,-837,1.0,1
"05/16/2022, 14:56:19",-1085,-1085,1.0,1
"05/16/2022, 14:56:22",-1258,-1258,1.0,1
"05/16/2022, 14:56:25",-1505,-1505,1.0,1
"05/16/2022, 14:56:28",-1675,-1675,1.0,1
"05/16/2022, 14:56:31",-1923,-1923,1.0,1
"05/16/2022, 14:56:34",-2091,-2091,1.0,1
"05/16/2022, 14:56:37",-2339,-2339,1.0,1
"05/16/2022, 14:56:40",-2574,-2574,1.0,1
"05/16/2022, 14:56:43",-2674,-2674,1.0,1
"05/16/2022, 14:56:46",-2838,-2838,1.0,1
"05/16/2022, 14:56:49",-3041,-3041,1.0,1
"05/16/2022, 14:56:52",-3271,-3271,1.0,1
"05/16/2022, 14:56:55",-3455,-3455,1.0,1
"05/16/2022, 14:56:58",-3703,-3703,1.0,1
"05/16/2022, 14:57:01",-3747,-3747,1.0,1
"05/16/2022, 14:57:04",-3783,-3783,1.0,1
"05/16/2022, 14:57:07",-3820,-3820,1.0,1
"05/16/2022, 14:57:10",-3925,-3925,1.0,1
"05/16/2022, 14:57:13",-4096,-4096,1.0,1
"05/16/2022, 14:57:16",-4267,-4267,1.0,1
"05/16/2022, 14:57:19",-4505,-4505,1.0,1
"05/16/2022, 14:57:22",-4686,-4686,1.0,1
"05/16/2022, 14:57:25",-4866,-4866,1.0,1
"05/16/2022, 14:57:28",-5106,-5106,1.0,1
"05/16/2022, 14:57:31",-5275,-5275,1.0,1
"05/16/2022, 14:57:34",-5523,-5523,1.0,1
"05/16/2022, 14:57:37",-5733,-5733,1.0,1
"05/16/2022, 14:57:40",-5940,-5940,1.0,1
"05/16/2022, 14:57:43",-6185,-6185,1.0,1
"05/16/2022, 14:57:47",-6356,-6356,1.0,1
"05/16/2022, 14:57:50",-6604,-6604,1.0,1
"05/16/2022, 14:57:53",-6774,-6774,1.0,1
"05/16/2022, 14:57:56",-7022,-7022,1.0,1
"05/16/2022, 14:57:59",-7189,-7189,1.0,1
"05/16/2022, 14:58:02",-7437,-7437,1.0,1
"05/16/2022, 14:58:05",-7550,-7550,1.0,1
"05/16/2022, 14:58:08",-7586,-7586,1.0,1
"05/16/2022, 14:58:11",-7623,-7623,1.0,1
"05/16/2022, 14:58:14",-7664,-7664,1.0,1
"05/16/2022, 14:58:17",-7831,-7831,1.0,1
"05/16/2022, 14:58:20",-8026,-8026,1.0,1
"05/16/2022, 14:58:23",-8249,-8249,1.0,1
"05/16/2022, 14:58:26",-8420,-8420,1.0,1
"05/16/2022, 14:58:29",-8658,-8658,1.0,1
"05/16/2022, 14:58:32",-8840,-8840,1.0,1
"05/16/2022, 14:58:35",-9065,-9065,1.0,1
"05/16/2022, 14:58:38",-9259,-9259,1.0,1
"05/16/2022, 14:58:41",-9507,-9507,1.0,1
"05/16/2022, 14:58:44",-9676,-9676,1.0,1
"05/16/2022, 14:58:47",-9872,-9872,1.0,1
"05/16/2022, 14:58:50",-10041,-10041,1.0,1
"05/16/2022, 14:58:53",-10290,-10290,1.0,1
"05/16/2022, 14:58:56",-10414,-10414,1.0,1
"05/16/2022, 14:59:00",-10662,-10662,1.0,1
"05/16/2022, 14:59:03",-10827,-10827,1.0,1
"05/16/2022, 14:59:06",-11074,-11074,1.0,1
"05/16/2022, 14:59:09",-11229,-11229,1.0,1
"05/16/2022, 14:59:12",-11266,-11266,1.0,1
"05/16/2022, 14:59:15",-11303,-11303,1.0,1
"05/16/2022, 14:59:18",-11339,-11339,1.0,1
"05/16/2022, 14:59:21",-11484,-11484,1.0,1
"05/16/2022, 14:59:24",-11696,-11696,1.0,1
"05/16/2022, 14:59:27",-11890,-11890,1.0,1
"05/16/2022, 14:59:30",-12058,-12058,1.0,1
"05/16/2022, 14:59:33",-12306,-12306,1.0,1
"05/16/2022, 14:59:36",-12479,-12479,1.0,1
"05/16/2022, 14:59:39",-12565,-12565,1.0,1
"05/16/2022, 14:59:42",-12751,-12751,1.0,1
"05/16/2022, 14:59:45",-12999,-12999,1.0,1
"05/16/2022, 14:59:48",-13101,-13101,1.0,1
"05/16/2022, 14:59:51",-13348,-13348,1.0,1
"05/16/2022, 14:59:55",-13517,-13517,1.0,1
"05/16/2022, 14:59:58",-13764,-13764,1.0,1
"05/16/2022, 14:59:58",0,0,1.0,1
"05/16/2022, 15:00:04",-14130,-14130,1.0,1
"05/16/2022, 15:00:04",0,0,1.0,1
"05/16/2022, 15:00:07",-14190,-14190,1.0,1
"05/16/2022, 15:00:10",-14359,-14359,1.0,1
"05/16/2022, 15:00:14",-14626,-14626,1.0,1
"05/16/2022, 15:00:17",-14754,-14754,1.0,1
"05/16/2022, 15:00:21",-14796,-14796,1.0,1
"05/16/2022, 15:00:24",-14837,-14837,1.0,1
"05/16/2022, 15:00:28",-14984,-14984,1.0,1
"05/16/2022, 15:00:31",-15197,-15197,1.0,1
"05/16/2022, 15:00:35",-15409,-15409,1.0,1
"05/16/2022, 15:00:42",-1799,-1799,0.00014452955629426219,1
"05/16/2022, 15:00:45",-15809,-15809,1.0,1
"05/16/2022, 15:00:49",-15809,-15809,1.0,1
"05/16/2022, 15:00:53",-15809,-15809,1.0,1
"05/16/2022, 15:00:56",-15809,-15809,1.0,1
"05/16/2022, 15:00:58",0,0,1.0,1
"05/16/2022, 15:01:00",-15809,-15809,1.0,1
"05/16/2022, 15:01:04",-15830,-15830,1.0,1
"05/16/2022, 15:01:08",-15877,-15877,1.0,1
"05/16/2022, 15:01:12",-15926,-15926,1.0,1
"05/16/2022, 15:01:17",-16064,-16064,1.0,1
"05/16/2022, 15:01:21",-16266,-16266,1.0,1
"05/16/2022, 15:01:25",-16318,-16318,1.0,1
"05/16/2022, 15:01:29",-16368,-16368,1.0,1
"05/16/2022, 15:01:34",-16568,-16568,1.0,1
"05/16/2022, 15:01:38",-16851,-16851,1.0,1
"05/16/2022, 15:01:43",-17138,-17138,1.0,1
"05/16/2022, 15:01:48",-17428,-17428,1.0,1
"05/16/2022, 15:01:53",-17737,-17737,1.0,1
"05/16/2022, 15:01:58",-18137,-18137,1.0,1
"05/16/2022, 15:02:04",-18477,-18477,1.0,1
"05/16/2022, 15:02:09",-18857,-18857,1.0,1
"05/16/2022, 15:02:16",-19234,-19234,1.0,1
"05/16/2022, 15:02:22",-19620,-19620,1.0,1
"05/16/2022, 15:02:29",-19969,-19969,1.0,1
"05/16/2022, 15:02:35",-20048,-20048,1.0,1
"05/16/2022, 15:02:43",-20378,-20378,1.0,1
"05/16/2022, 15:02:50",-20769,-20769,1.0,1
"05/16/2022, 15:02:58",-21229,-21229,1.0,1
"05/16/2022, 15:03:07",-21754,-21754,1.0,1
"05/16/2022, 15:03:15",-22253,-22253,1.0,1
"05/16/2022, 15:03:25",-22593,-22593,1.0,1
"05/16/2022, 15:03:34",-23238,-23238,1.0,1
"05/16/2022, 15:03:44",-23375,-23375,1.0,1
time,sfe,ssip,rfip,type
"05/16/2022, 15:04:04",-24495,-24495,1.0,1
time,sfe,ssip,rfip,type
"05/16/2022, 15:04:31",-25951,-25951,1.0,1
time,sfe,ssip,rfip,type
"05/16/2022, 15:04:45",-25951,-25951,1.0,1
time,sfe,ssip,rfip,type
"05/16/2022, 15:04:58",-25951,-25951,1.0,1
time,sfe,ssip,rfip,type
"05/16/2022, 15:05:12",-25951,-25951,1.0,1
time,sfe,ssip,rfip,type
"05/16/2022, 15:05:26",-25951,-25951,1.0,1
time,sfe,ssip,rfip,type
"05/16/2022, 15:05:39",-25951,-25951,1.0,1
time,sfe,ssip,rfip,type
"05/16/2022, 15:05:52",-25951,-25951,1.0,1
time,sfe,ssip,rfip,type
"05/16/2022, 15:06:06",-25951,-25951,1.0,1
time,sfe,ssip,rfip,type
"05/16/2022, 15:06:20",-25951,-25951,1.0,1
time,sfe,ssip,rfip,type
"05/16/2022, 15:06:34",-25951,-25951,1.0,1
time,sfe,ssip,rfip,type
"05/16/2022, 15:06:48",-25951,-25951,1.0,1
time,sfe,ssip,rfip,type
"05/16/2022, 15:07:01",-25951,-25951,1.0,1
time,sfe,ssip,rfip,type
"05/16/2022, 15:07:15",-25951,-25951,1.0,1
time,sfe,ssip,rfip,type
"05/16/2022, 15:07:29",-25951,-25951,1.0,1
time,sfe,ssip,rfip,type
"05/16/2022, 15:07:42",-25951,-25951,1.0,1
time,sfe,ssip,rfip,type
"05/16/2022, 15:07:55",-25951,-25951,1.0,1
time,sfe,ssip,rfip,type
"05/16/2022, 15:08:09",-25951,-25951,1.0,1
time,sfe,ssip,rfip,type
"05/16/2022, 15:08:22",-25951,-25951,1.0,1
time,sfe,ssip,rfip,type
"05/16/2022, 15:08:36",-25951,-25951,1.0,1
time,sfe,ssip,rfip,type
"05/16/2022, 15:08:49",-25951,-25951,1.0,1
time,sfe,ssip,rfip,type
"05/16/2022, 15:09:03",-25951,-25951,1.0,1
time,sfe,ssip,rfip,type
"05/16/2022, 15:09:16",-25951,-25951,1.0,1
time,sfe,ssip,rfip,type
"05/16/2022, 15:09:30",-25951,-25951,1.0,1
time,sfe,ssip,rfip,type
"05/16/2022, 15:09:44",-25951,-25951,1.0,1
time,sfe,ssip,rfip,type
"05/16/2022, 15:09:58",-25951,-25951,1.0,1
time,sfe,ssip,rfip,type
"05/16/2022, 15:10:11",-25951,-25951,1.0,1
time,sfe,ssip,rfip,type
"05/16/2022, 15:10:25",-25951,-25951,1.0,1
time,sfe,ssip,rfip,type
"05/16/2022, 15:10:39",-25951,-25951,1.0,1
time,sfe,ssip,rfip,type
"05/16/2022, 15:10:53",-25951,-25951,1.0,1
time,sfe,ssip,rfip,type
"05/16/2022, 15:11:06",-25951,-25951,1.0,1
time,sfe,ssip,rfip,type
"05/16/2022, 15:11:20",-25951,-25951,1.0,1
time,sfe,ssip,rfip,type
"05/16/2022, 15:11:33",-25951,-25951,1.0,1
time,sfe,ssip,rfip,type
"05/16/2022, 15:11:47",-25951,-25951,1.0,1
time,sfe,ssip,rfip,type
"05/16/2022, 15:12:00",-25951,-25951,1.0,1
time,sfe,ssip,rfip,type
"05/16/2022, 15:12:14",-25951,-25951,1.0,1
time,sfe,ssip,rfip,type
"05/16/2022, 15:12:28",-25951,-25951,1.0,1
time,sfe,ssip,rfip,type
"05/16/2022, 15:12:42",-25951,-25951,1.0,1
time,sfe,ssip,rfip,type
time,sfe,ssip,rfip,type
